"id","date","price","bedrooms","bathrooms","sqft_living","sqft_lot","floors","waterfront","view","condition","grade","sqft_above","sqft_basement","yr_built","yr_renovated","zipcode","lat","long","sqft_living15","sqft_lot15"
7202331050,"20140924T000000",550000,3,2.5,2360,4080,2,0,0,3,7,2360,0,2003,0,98053,47.6825,-122.038,2290,4080
8078460320,"20141118T000000",598850,4,2.5,2350,7245,2,0,0,3,8,2350,0,1993,0,98074,47.6318,-122.023,2350,9419
7852020080,"20141210T000000",535000,3,3.25,2670,5108,2,0,2,3,9,2670,0,2000,0,98065,47.5342,-121.866,2670,6500
9297301495,"20150203T000000",440000,3,2.5,2160,3738,2,0,0,3,8,2160,0,1994,0,98126,47.5661,-122.375,1500,4000
8805900065,"20141112T000000",1160000,5,3.25,4290,7019,2.5,0,0,4,10,3590,700,1927,0,98112,47.6439,-122.302,1920,4000
4051100230,"20140820T000000",240000,3,1,1340,7000,1,0,0,4,7,1340,0,1978,0,98042,47.3742,-122.149,1850,7904
7694200350,"20140820T000000",399963,4,2.5,2620,4050,2,0,0,3,8,2620,0,2014,0,98146,47.5017,-122.34,2030,3944
3845101100,"20150121T000000",392440,4,2.5,2547,4800,2,0,0,3,9,2547,0,2014,0,98092,47.2592,-122.194,2598,4800
3832060120,"20150316T000000",280000,4,2.5,2200,5893,2,0,0,3,7,2200,0,2008,0,98042,47.3333,-122.055,2200,5757
1558500050,"20141113T000000",435000,3,2.5,3380,7074,2,0,0,3,8,2200,1180,1999,0,98019,47.7462,-121.978,2060,6548
4222310220,"20140825T000000",235500,3,1.5,1380,7600,1,0,0,4,7,790,590,1971,0,98003,47.3489,-122.306,1570,7904
1376800115,"20141103T000000",585000,3,1,1450,5378,1,0,0,3,7,1190,260,1939,0,98199,47.6436,-122.405,1810,5559
7625702505,"20150306T000000",605000,4,2.75,1670,6000,1,0,0,5,7,840,830,1917,0,98136,47.5496,-122.385,1100,6000
7853400260,"20140513T000000",660000,4,3.5,3400,5196,2,0,0,3,9,3400,0,2012,0,98065,47.5169,-121.884,3170,5260
7420200050,"20140620T000000",623000,3,2.5,1850,7777,2,0,0,5,8,1850,0,1989,0,98033,47.6908,-122.169,1850,8482
7853210060,"20150406T000000",430000,4,2.5,2070,4310,2,0,0,3,7,2070,0,2004,0,98065,47.5319,-121.85,1970,3748
3644100065,"20150427T000000",257000,2,1.75,1220,2268,1,0,0,4,6,610,610,1909,0,98144,47.592,-122.295,1240,1675
1311600030,"20140716T000000",270000,4,1.75,1850,7350,1,0,0,3,7,1050,800,1965,0,98001,47.3413,-122.277,1450,7250
3298701025,"20150427T000000",135000,2,1,750,5217,1,0,0,4,6,750,0,1943,0,98106,47.5188,-122.353,760,4440
2525300540,"20141114T000000",185000,3,1.5,1090,9605,1,0,0,4,6,1090,0,1969,0,98038,47.3609,-122.028,1160,10487
123039424,"20140710T000000",303000,2,2,970,9750,1,0,0,5,6,970,0,1940,0,98146,47.5073,-122.372,1850,9000
2028700535,"20150225T000000",855000,4,3,2550,5300,2,0,0,3,8,1720,830,1908,2013,98117,47.6786,-122.367,1590,4505
4077800412,"20150316T000000",563000,3,1.5,1730,9509,2,0,0,3,8,1270,460,1955,0,98125,47.7067,-122.282,1810,8795
9477200200,"20140818T000000",305000,3,1.75,1650,9480,1,0,0,3,7,1220,430,1977,0,98034,47.726,-122.191,1540,8400
993001332,"20140903T000000",407000,3,2.25,1430,1448,3,0,0,3,8,1430,0,2005,0,98103,47.6916,-122.341,1430,1383
2919700109,"20140722T000000",350000,2,2.5,1280,940,2,0,0,3,8,1060,220,2006,0,98103,47.6904,-122.364,1290,2900
5437820310,"20140523T000000",218000,3,1,960,9633,1,0,0,5,6,960,0,1982,0,98022,47.1951,-122.001,1080,8610
1954420170,"20140521T000000",368250,3,2.5,2150,7484,2,0,0,3,8,2150,0,1988,0,98074,47.6191,-122.043,2150,6879
7202300540,"20140701T000000",825000,4,2.75,3990,6637,2,0,0,3,9,3990,0,2003,0,98053,47.6835,-122.045,3500,7074
3256400060,"20140923T000000",325000,4,2.75,2090,9240,1,0,0,4,6,2090,0,1949,0,98146,47.4854,-122.343,1460,9240
1972200555,"20140714T000000",610000,3,1.75,1630,1500,3,0,0,3,8,1630,0,2014,0,98103,47.6536,-122.354,1570,1335
7312400030,"20150130T000000",442000,2,1,1410,5000,1,0,2,4,7,940,470,1918,0,98126,47.5531,-122.379,1450,5000
7254000100,"20141215T000000",680000,3,2.5,2060,2551,2,0,0,3,8,1900,160,2001,0,98005,47.5881,-122.165,2060,2936
9900000190,"20141030T000000",268950,3,1,1320,8100,1,0,0,3,6,880,440,1943,0,98166,47.4697,-122.351,1000,8100
1545803980,"20150425T000000",239000,3,1,1200,7810,1,0,0,4,7,1200,0,1967,0,98038,47.3631,-122.05,1590,7800
3546000630,"20140826T000000",289000,3,2.5,2110,8304,1,0,0,4,7,2110,0,1985,0,98030,47.3558,-122.173,1680,7508
2768301214,"20141211T000000",395000,2,1,870,3121,1,0,0,4,7,870,0,1923,0,98107,47.6659,-122.369,1570,1777
2887700140,"20140707T000000",588000,3,2,1860,4777,2,0,0,5,7,1860,0,1908,0,98115,47.6892,-122.311,1580,3822
287000110,"20140625T000000",680000,4,1.5,1880,6200,1,0,2,5,8,1440,440,1954,0,98146,47.5035,-122.384,2070,6500
7856601040,"20150220T000000",745000,4,1.75,1990,8900,1,0,0,4,8,1990,0,1972,0,98006,47.5639,-122.149,2620,8925
251300260,"20140515T000000",255000,4,2.5,2070,7800,2,0,0,3,8,2070,0,1989,0,98003,47.3487,-122.315,1950,7815
5152960080,"20141210T000000",375000,3,2.75,2200,9600,1,0,3,4,8,1570,630,1977,0,98003,47.3438,-122.323,2680,9896
1025049254,"20141204T000000",458000,3,4,1390,1569,2,0,0,3,9,1150,240,2006,0,98105,47.671,-122.269,1620,1855
2489200165,"20140807T000000",435000,3,1,1050,5500,1,0,0,3,6,930,120,1920,0,98126,47.5402,-122.38,1410,5834
8902000267,"20150402T000000",5e+05,4,2.75,2260,7209,1,0,3,3,7,1330,930,2002,0,98125,47.7088,-122.302,1790,10860
8700100010,"20140710T000000",315000,3,2.5,2340,6837,2,0,0,3,7,2340,0,1992,0,98030,47.3608,-122.194,1850,6209
104550660,"20140728T000000",275000,3,2.5,1870,6821,2,0,0,3,7,1870,0,1989,0,98023,47.3065,-122.358,1970,6821
3763300040,"20141027T000000",4e+05,3,1.5,1330,9900,1,0,0,3,7,1330,0,1956,0,98034,47.7167,-122.233,1940,9900
2472920680,"20150112T000000",440000,4,2.5,2880,8061,2,0,0,3,9,2880,0,1988,0,98058,47.439,-122.152,2650,7660
1858600042,"20150429T000000",360000,4,3,2483,6870,2,0,0,3,8,2483,0,2005,0,98030,47.3627,-122.199,1943,6434
705710290,"20150420T000000",361500,4,2.75,2190,6740,2,0,0,3,7,2190,0,1995,0,98038,47.3804,-122.027,1950,7150
6882510020,"20140715T000000",340000,4,1.75,1800,5210,1,0,0,5,7,1080,720,1979,0,98118,47.5298,-122.28,1870,5365
3298700156,"20140610T000000",310000,3,2.5,1780,6771,1,0,0,3,7,1230,550,1990,0,98106,47.5237,-122.353,1780,6771
3438500796,"20150430T000000",310000,3,1.5,1060,6954,1,0,0,4,6,1060,0,1983,0,98106,47.5497,-122.355,1560,6372
567000680,"20140801T000000",359000,3,3,1320,1071,2,0,0,3,7,1080,240,2003,0,98144,47.5942,-122.296,1780,7715
8835200330,"20141208T000000",399950,3,2.5,1470,4488,2,0,0,5,7,1470,0,1980,0,98034,47.723,-122.162,1400,4441
7986400360,"20140717T000000",770000,5,1.5,2160,5000,1.5,0,2,4,8,2160,0,1926,0,98107,47.6645,-122.36,1450,4265
9393700110,"20140603T000000",430000,3,2,1360,5120,1.5,0,0,4,6,910,450,1924,0,98116,47.5587,-122.393,1440,5120
7010700110,"20140916T000000",440000,3,2.25,1760,1800,2,0,0,3,7,1330,430,1983,0,98199,47.6579,-122.394,1150,4575
5592200010,"20150227T000000",445000,3,2.5,2380,5269,2,0,0,3,8,2380,0,2008,0,98056,47.5066,-122.192,2150,7600
2483700095,"20141106T000000",560000,4,1.5,1810,6000,1,0,1,3,8,1350,460,1952,0,98136,47.5233,-122.386,2020,6000
1231000520,"20141118T000000",607010,4,2.5,2180,4000,2,0,0,3,8,1700,480,2002,0,98118,47.5553,-122.269,2180,4000
4415600030,"20150316T000000",433000,3,2.75,2000,7200,1,0,0,3,7,1000,1000,1954,2014,98166,47.4531,-122.352,1440,7200
7853370100,"20150406T000000",599832,3,2.75,3230,5200,2,0,0,3,9,2680,550,2014,0,98065,47.519,-121.878,3100,4900
2206500300,"20140820T000000",565000,5,1.75,1910,9720,1,0,0,4,7,1390,520,1955,0,98006,47.5772,-122.159,1750,9720
3589500315,"20140919T000000",526000,3,3.25,1220,1281,2,0,0,3,8,930,290,2014,0,98105,47.67,-122.317,1303,3810
2419700030,"20140825T000000",820000,4,2.5,3170,3862,3,0,0,3,8,3170,0,2008,0,98034,47.6705,-122.145,2840,4181
5249804560,"20140818T000000",510000,4,1,1060,7200,1,0,1,3,6,880,180,1925,0,98118,47.5591,-122.268,1910,7200
7972600910,"20150507T000000",433000,4,2,1840,4760,1.5,0,0,4,6,1080,760,1929,0,98106,47.5297,-122.349,1170,5950
2025049114,"20140529T000000",402000,2,1,710,1173,2,0,0,4,7,710,0,1943,0,98102,47.6412,-122.329,1370,1173
1073100065,"20150217T000000",348125,3,1,1400,8451,1.5,0,0,3,7,1400,0,1953,0,98133,47.7719,-122.337,1590,8433
3902310210,"20140822T000000",610000,4,2.5,2100,8800,1,0,0,5,8,1250,850,1980,0,98033,47.6909,-122.186,2100,9000
6699940120,"20150430T000000",356000,4,2.5,2470,5074,2,0,0,3,8,2470,0,2004,0,98038,47.3457,-122.041,2470,5078
1994200024,"20141104T000000",511000,3,1,1430,3455,1,0,0,3,7,980,450,1947,0,98103,47.6873,-122.336,1450,4599
7243500015,"20141003T000000",275000,4,2,1720,5472,1,0,0,3,6,860,860,1923,0,98118,47.5299,-122.288,1720,5670
9169100130,"20141007T000000",502000,2,1,1570,4704,1.5,0,1,3,8,1570,0,1931,0,98136,47.5256,-122.392,1820,4704
3574800810,"20150403T000000",486000,4,3,2260,7336,2,0,0,4,7,2260,0,1977,0,98034,47.7297,-122.219,2200,7724
2610100015,"20140813T000000",305000,4,1.75,1000,7200,1.5,0,0,4,6,1000,0,1947,0,98155,47.742,-122.324,1280,7200
1330250010,"20140604T000000",289950,3,2,1670,7757,1,0,0,3,8,1670,0,1992,0,98030,47.3802,-122.207,2290,7859
2710600015,"20150327T000000",775000,4,3,2000,5304,1.5,0,0,4,7,2000,0,1947,0,98115,47.6762,-122.285,1670,5304
3818700123,"20140813T000000",390000,3,2,2360,5737,2,0,0,3,8,2360,0,2003,0,98028,47.7633,-122.262,1600,9163
7663700654,"20141214T000000",450000,4,1.5,1860,7808,1,0,0,3,7,1080,780,1953,0,98125,47.7314,-122.3,1530,7884
1377800135,"20150402T000000",676000,3,2,1730,6784,2.5,0,0,4,7,1730,0,1942,0,98199,47.6462,-122.403,1210,6784
4218400671,"20150505T000000",1655000,4,2.25,3530,5500,2,0,0,3,8,2860,670,1940,0,98105,47.6618,-122.273,2840,5500
2558630060,"20140530T000000",425000,3,2.25,1820,8058,1,0,0,3,7,1260,560,1974,0,98034,47.7241,-122.168,1850,7384
6386550040,"20141223T000000",345500,4,2.5,2160,9682,2,0,0,3,8,2160,0,1999,0,98031,47.4106,-122.204,1770,9600
3172600095,"20140708T000000",371500,3,1,1650,6400,1,0,0,4,7,980,670,1954,0,98106,47.52,-122.365,1230,6400
4027700666,"20150426T000000",780000,4,2.5,3180,9603,2,0,2,3,9,3180,0,2002,0,98155,47.7717,-122.277,2440,15261
8651580310,"20140528T000000",621138,3,2.25,2180,7741,2,0,0,3,9,2180,0,1986,0,98074,47.6482,-122.072,2300,8581
1571100130,"20140904T000000",285000,3,1,1440,4268,1,0,0,3,7,1040,400,1953,0,98108,47.5468,-122.293,1370,4268
1036450170,"20150312T000000",660000,3,3.5,2740,3785,2,0,0,3,9,2190,550,2001,0,98034,47.7195,-122.182,2060,3457
7437100340,"20141222T000000",360000,4,2.5,1900,5889,2,0,0,3,7,1900,0,1992,0,98038,47.349,-122.031,1870,6405
342000570,"20140909T000000",429000,2,1,1080,3600,1,0,0,3,7,1080,0,1922,0,98122,47.6078,-122.291,2230,4500
4038200120,"20140825T000000",534000,5,1.75,2120,8625,1,0,0,3,7,1200,920,1959,0,98008,47.6118,-122.131,1930,8625
1683600130,"20141210T000000",245000,3,1.75,1720,9342,1,0,0,4,7,1140,580,1981,0,98092,47.3177,-122.182,1330,7540
8635750090,"20140602T000000",668500,4,2.5,2710,5500,2,0,0,3,9,2710,0,1999,0,98074,47.6027,-122.023,2710,6242
7954000125,"20150501T000000",562000,3,1.75,1880,5978,1,0,0,5,7,940,940,1957,0,98144,47.5793,-122.294,1930,4770
8835200800,"20150408T000000",281000,2,1,930,2600,1,0,0,3,7,930,0,1981,0,98034,47.7242,-122.161,1370,3488
4140100200,"20140808T000000",499000,3,2.25,3010,9600,2,0,0,3,8,2410,600,1978,0,98028,47.7671,-122.263,2620,9660
7129302615,"20150304T000000",292000,3,1.75,1090,4500,1.5,0,0,5,8,1090,0,1929,0,98118,47.5157,-122.256,1640,5225
3331500485,"20150102T000000",350000,2,1,800,5150,1,0,0,4,6,800,0,1949,0,98118,47.5525,-122.274,1280,5150
1450100070,"20150430T000000",208000,3,1,990,7420,1,0,0,5,6,990,0,1960,0,98002,47.2898,-122.221,1010,7420
9100000040,"20140807T000000",480000,3,1.75,1710,4080,1,0,0,4,7,1130,580,1979,0,98136,47.5563,-122.392,1200,4080
1788300010,"20141211T000000",179950,2,1,1200,9000,1,0,0,3,6,1200,0,1958,0,98023,47.3277,-122.349,1040,9600
4187000190,"20141117T000000",417000,3,2.5,2000,4500,2,0,0,3,7,2000,0,2010,0,98059,47.4937,-122.149,2230,4501
253600160,"20140530T000000",384950,3,2.5,1860,3690,2,0,0,3,7,1860,0,2000,0,98028,47.776,-122.239,1870,4394
9285800275,"20140814T000000",835000,3,2.25,2520,6690,2,0,2,5,8,1700,820,1944,1990,98126,47.5705,-122.381,1990,5792
1796351080,"20140718T000000",208000,3,2,1250,7995,1,0,0,4,7,1250,0,1980,0,98042,47.3684,-122.092,1540,7650
3235100110,"20141202T000000",280000,3,1,940,7913,1,0,0,3,6,940,0,1948,0,98155,47.7657,-122.321,940,7913
1755700090,"20140801T000000",405000,3,2.25,1590,7267,1,0,0,4,7,1100,490,1976,0,98133,47.7457,-122.332,2060,8336
8078600330,"20140708T000000",580000,3,2.25,1940,5980,1,0,0,3,7,1520,420,1987,0,98027,47.5476,-122.075,1910,6309
3883100220,"20150120T000000",299000,3,1.75,2010,8065,1,0,0,4,7,1090,920,1984,0,98031,47.4171,-122.202,1560,8065
1250200495,"20140624T000000",455000,2,1.5,1200,1259,2,0,0,3,8,1000,200,2015,0,98144,47.6001,-122.298,1320,1852
3904960910,"20140917T000000",635000,4,2.5,3050,7238,2,0,0,3,8,3050,0,1989,0,98029,47.5772,-122.013,2580,7228
5249804825,"20140702T000000",545000,3,2,1340,7200,1.5,0,0,4,7,1340,0,1923,0,98118,47.5601,-122.265,1630,5760
4139460200,"20150325T000000",905000,4,2.5,3330,9557,2,0,0,3,10,3330,0,1995,0,98006,47.5526,-122.102,3360,9755
9358000650,"20150423T000000",399950,2,0.75,1330,2856,1,0,0,4,7,930,400,1916,0,98126,47.5671,-122.37,1330,2856
1423049019,"20150331T000000",220000,2,1,580,7500,1,0,0,3,5,580,0,1943,0,98178,47.4852,-122.251,1700,11250
5365200040,"20141016T000000",235000,3,1,1270,7153,1,0,0,5,6,1270,0,1949,0,98055,47.4815,-122.226,1650,7153
1150000340,"20141118T000000",645500,4,2.5,2390,9638,2,0,0,3,10,2390,0,1988,0,98029,47.5598,-122.018,2630,9258
3330501975,"20141117T000000",475000,5,2,2040,6180,2,0,0,4,7,2040,0,1908,0,98118,47.5503,-122.28,1870,4365
8563020380,"20140520T000000",519900,4,2,1820,9350,1,0,0,4,8,1820,0,1967,0,98052,47.6288,-122.098,2260,9299
8856890020,"20150224T000000",265000,3,1.75,1680,9769,1,0,0,3,8,1340,340,1989,0,98058,47.4631,-122.126,1730,9686
3342103149,"20140910T000000",380000,3,1.5,1540,8400,1,0,0,5,7,1540,0,1968,0,98056,47.5237,-122.199,1690,7689
2760200050,"20140717T000000",226000,4,1,1270,6459,1.5,0,0,3,7,1270,0,1918,0,98118,47.5441,-122.273,1300,4100
8651442910,"20150325T000000",247500,4,2,1710,5200,1,0,0,4,7,910,800,1977,0,98042,47.3634,-122.09,1560,5200
3331001765,"20140923T000000",335000,3,1,2130,3825,1.5,0,0,3,7,2130,0,1917,0,98118,47.5506,-122.281,1780,5150
1036450290,"20150202T000000",495000,3,2.5,1860,3150,2,0,0,3,8,1860,0,2001,0,98034,47.719,-122.182,2050,3375
3260000120,"20150209T000000",599380,3,1.75,1270,7350,1,0,0,4,7,1270,0,1967,0,98005,47.6046,-122.168,1880,7350
1999600320,"20150304T000000",729000,3,2.5,2480,7428,2,0,0,3,9,2480,0,1990,0,98006,47.5489,-122.185,2600,8322
7907600100,"20150421T000000",287500,4,2,1220,9147,1,0,0,5,7,1220,0,1953,0,98146,47.5011,-122.336,1220,8576
2770604575,"20150506T000000",560000,3,1.75,1930,6000,1,0,0,3,8,1130,800,1956,0,98119,47.6516,-122.375,1870,6000
6662400105,"20141030T000000",375000,3,2.5,1580,5725,2,0,0,3,7,1580,0,2004,0,98072,47.7611,-122.161,1510,5725
4045500950,"20150415T000000",425000,3,1.5,1680,8000,1.5,0,0,3,7,1680,0,2012,0,98014,47.6923,-121.869,1990,26336
7812801125,"20150112T000000",222900,2,1,1110,6411,1,0,0,3,6,1110,0,1944,0,98178,47.4962,-122.242,1150,6504
2781230080,"20150408T000000",431000,4,2.5,3040,6000,2,0,0,3,9,3040,0,2007,0,98038,47.3473,-122.03,2640,6000
4083304535,"20141114T000000",1045000,4,2.75,2950,4560,2,0,0,5,7,1810,1140,1912,0,98103,47.6525,-122.333,2000,4560
3260810580,"20150417T000000",345000,3,2.75,2190,7258,2,0,0,3,8,2190,0,2000,0,98003,47.3486,-122.301,2190,8645
9320350130,"20140823T000000",453000,3,3,2330,4284,2,0,0,3,9,1920,410,2004,0,98108,47.5547,-122.308,2330,3709
4310700665,"20150305T000000",450000,4,3,2200,4466,2,0,0,3,7,2200,0,1968,0,98103,47.7005,-122.339,1780,2250
2436700610,"20150422T000000",550000,4,2,1720,4000,1,0,0,3,7,1420,300,1950,0,98105,47.6651,-122.285,1350,1281
1254200015,"20141216T000000",405000,3,2.5,2260,5500,1.5,0,0,3,7,1280,980,1910,0,98117,47.681,-122.388,1790,5355
109210280,"20141111T000000",220000,4,2.25,1950,7280,2,0,0,4,8,1950,0,1979,0,98023,47.2957,-122.37,1910,7280
9828201920,"20150304T000000",360000,3,1,1280,3870,1,0,0,3,7,640,640,1945,0,98122,47.6163,-122.294,1280,4800
7785380150,"20141215T000000",469950,4,2.75,2720,6427,1,0,0,3,8,1650,1070,2008,0,98146,47.4931,-122.354,2720,8484
5458800125,"20140514T000000",925000,4,2.5,2190,7350,2.5,0,0,5,8,2190,0,1958,0,98040,47.5786,-122.236,1880,7350
7852190630,"20150417T000000",6e+05,4,2.5,2710,6474,2,0,0,3,8,2710,0,2004,0,98065,47.5383,-121.878,2870,6968
7217400895,"20140609T000000",550000,3,1.75,1380,3402,1.5,0,0,3,7,1380,0,1900,2000,98122,47.6109,-122.302,1500,5496
9385200055,"20140912T000000",650000,3,3.25,1510,2000,2,0,0,3,9,1330,180,2001,0,98116,47.5815,-122.402,1510,1352
3362401611,"20150325T000000",1165000,4,3.75,3920,4500,3,0,0,3,8,3920,0,2013,0,98103,47.6805,-122.346,2040,3000
6638900265,"20140925T000000",812000,4,2.5,2270,5000,2,0,0,3,9,2270,0,2014,0,98117,47.6916,-122.37,1210,5000
2172000750,"20140527T000000",160000,2,1,1180,9350,1,0,0,3,6,1180,0,1918,0,98178,47.4889,-122.259,1780,9306
7299600530,"20150317T000000",280000,3,2.5,1608,4818,2,0,0,3,8,1608,0,2012,0,98092,47.2583,-122.203,2009,5200
3904930410,"20141028T000000",424000,3,2,1330,5632,1,0,0,3,8,1330,0,1988,0,98029,47.5745,-122.017,1900,4842
3438500114,"20150512T000000",377000,4,2,1640,5014,1,0,0,4,7,930,710,1982,0,98106,47.5545,-122.356,1600,5452
7812801115,"20140613T000000",153000,3,1,1270,6405,1.5,0,0,3,6,1270,0,1944,0,98178,47.4959,-122.241,1110,6405
306000565,"20140825T000000",290000,2,1.5,1020,1275,3,0,0,3,8,1020,0,2008,0,98103,47.7003,-122.346,980,1415
130000175,"20140806T000000",655000,4,2.75,3160,8197,1,0,0,3,8,1580,1580,1962,0,98115,47.7004,-122.287,2050,8197
2472930270,"20140905T000000",485000,3,2.5,3110,9015,2,0,0,3,9,3110,0,1990,0,98058,47.4369,-122.147,2650,8960
7231501665,"20150403T000000",277000,4,1,1500,5750,1.5,0,0,3,6,1500,0,1925,0,98055,47.4768,-122.206,1330,5750
9505100035,"20141105T000000",2e+05,2,1,1250,8520,1,0,0,3,6,1250,0,1928,0,98126,47.5158,-122.378,1040,8520
5379800862,"20150429T000000",360000,5,3,2480,7200,1,0,0,3,7,1560,920,1999,0,98188,47.4586,-122.283,1910,9432
7655900031,"20150306T000000",240000,2,1,590,8717,1,0,0,3,6,590,0,1953,0,98133,47.7343,-122.335,1370,6760
3179100482,"20150126T000000",450000,2,2.25,1040,1377,2,0,0,3,8,1040,0,2003,0,98105,47.6692,-122.279,1264,1892
5100403806,"20150407T000000",467000,3,2.5,1425,1179,3,0,0,3,8,1425,0,2008,0,98125,47.6963,-122.318,1285,1253
1102000759,"20141026T000000",755000,3,2.5,2420,8856,1,0,3,3,9,1620,800,1957,0,98118,47.5405,-122.263,2650,9750
7266200085,"20150325T000000",780000,5,1.75,2330,3800,1.5,0,0,3,7,1360,970,1927,0,98115,47.6835,-122.308,2100,3800
889000015,"20141103T000000",599000,3,1.75,1650,1180,3,0,0,3,8,1650,0,2014,0,98105,47.6638,-122.319,1650,1960
1189000180,"20140910T000000",525000,2,1,1510,3360,1,0,0,3,7,880,630,1924,0,98122,47.6135,-122.297,1330,3360
8045600130,"20140528T000000",425000,4,2.75,1680,9545,1,0,0,4,7,1080,600,1979,0,98028,47.739,-122.243,1890,9545
3630180470,"20150205T000000",8e+05,4,2.75,3250,5500,2,0,0,3,9,3250,0,2007,0,98027,47.5398,-121.997,3920,6000
1929300052,"20141029T000000",740000,3,2.5,2200,3000,2,0,0,3,9,1530,670,2002,0,98109,47.6451,-122.35,2200,3300
7568700175,"20140604T000000",324950,3,1,1210,7440,1,0,0,3,7,1210,0,1949,0,98155,47.7402,-122.323,1120,7440
293810190,"20141104T000000",456500,4,2.5,2400,6811,2,0,0,3,8,2400,0,2007,0,98059,47.4959,-122.15,2710,5314
4037000185,"20140919T000000",395000,4,1.75,2060,7900,1,0,0,4,7,1070,990,1957,0,98008,47.6028,-122.12,1830,8000
3530420110,"20140521T000000",195000,2,1,1080,3899,1,0,0,4,8,1080,0,1972,0,98198,47.3792,-122.321,1090,3899
7203101590,"20150108T000000",305000,2,1,1290,3383,2,0,0,3,7,1290,0,2008,0,98053,47.6968,-122.025,1290,2828
3374500520,"20150429T000000",355000,0,0,2460,8049,2,0,0,3,8,2460,0,1990,0,98031,47.4095,-122.168,2520,8050
8651611060,"20140804T000000",835000,4,3.25,3270,6027,2,0,0,3,10,3270,0,2001,0,98074,47.6346,-122.063,3270,6546
7012200215,"20141231T000000",795000,3,3.25,2260,3727,2,0,0,3,8,1880,380,2003,0,98119,47.6422,-122.361,1600,4800
3834000004,"20150302T000000",350000,2,1.5,1150,7552,1,0,1,3,7,1150,0,1944,0,98125,47.7298,-122.286,1910,8145
9547200340,"20150120T000000",520000,3,2.75,1700,3264,1,0,0,3,7,1060,640,1919,0,98115,47.6767,-122.311,1880,4080
1545803520,"20150126T000000",251000,3,2,1650,7930,1,0,0,4,7,1650,0,1989,0,98038,47.3617,-122.05,1510,7930
4137030040,"20140612T000000",299995,3,2.5,1970,7500,2,0,0,3,8,1970,0,1988,0,98092,47.2658,-122.218,1950,8220
339600010,"20141017T000000",352500,3,1,1000,4171,1,0,0,3,7,1000,0,1985,0,98052,47.6834,-122.097,1090,3479
2174503500,"20141103T000000",550000,3,1.5,1340,6000,1,0,0,4,7,1340,0,1960,0,98040,47.5866,-122.25,1590,9000
2867100005,"20150407T000000",710000,2,1,1700,3040,1.5,0,0,3,8,1460,240,1914,0,98119,47.6442,-122.369,1620,3230
3878900681,"20150121T000000",272000,1,0.75,1040,6034,1,0,1,3,7,580,460,1991,0,98178,47.5078,-122.251,1560,5650
1139000135,"20141009T000000",440000,4,1,1480,7560,1.5,0,0,3,7,1480,0,1940,0,98177,47.7079,-122.358,1480,7560
293070120,"20140918T000000",888990,4,2.75,3540,5500,2,0,0,3,9,3540,0,2014,0,98074,47.6181,-122.056,3540,5500
7883607645,"20140602T000000",155000,1,1,720,6000,1,0,0,3,6,720,0,1940,0,98108,47.5266,-122.316,1040,6000
1099610830,"20141202T000000",209000,3,1,1330,6900,1,0,0,3,7,1330,0,1976,0,98023,47.3033,-122.381,1530,7000
1220000100,"20150504T000000",215000,1,1,970,7639,1,0,0,4,5,570,400,1920,0,98166,47.4655,-122.346,1360,7380
4151800375,"20141204T000000",660000,2,1,960,6263,1,0,1,4,6,960,0,1942,0,98033,47.6646,-122.202,1460,6054
3885805175,"20141001T000000",1485000,4,3.25,3730,7200,2,0,0,3,10,2810,920,2006,0,98033,47.6824,-122.199,2490,7200
2025049206,"20140611T000000",399950,2,1,710,1131,2,0,0,4,7,710,0,1943,0,98102,47.6413,-122.329,1370,1173
4099100260,"20140903T000000",589000,3,2.5,2940,4799,1,0,0,3,9,1710,1230,1996,0,98033,47.6681,-122.184,2540,4616
2329800110,"20150128T000000",296500,3,2.5,1770,6033,2,0,0,4,7,1770,0,1987,0,98042,47.3764,-122.119,1590,6510
1377800277,"20141215T000000",696000,6,3.25,2900,6400,2,0,0,4,8,2300,600,1977,0,98199,47.6464,-122.401,2480,6400
9165100230,"20141222T000000",575000,3,2,2150,3880,1,0,0,3,8,1080,1070,1951,0,98117,47.6814,-122.392,2130,4000
3764800630,"20140825T000000",290000,3,1.5,1310,8100,1,0,0,3,7,1310,0,1965,0,98034,47.7328,-122.201,1330,8100
7853301220,"20140910T000000",425000,4,2.5,2440,5088,2,0,0,3,7,2440,0,2007,0,98065,47.5406,-121.889,2440,5762
1788700295,"20150311T000000",172000,3,1,1350,9680,1,0,0,4,7,820,530,1959,0,98023,47.3274,-122.346,1320,9225
2144800146,"20140826T000000",257500,3,2,1300,9334,1,0,0,5,7,1300,0,1981,0,98178,47.4865,-122.238,2210,9636
3271800870,"20140807T000000",1225000,4,2.25,2020,5800,1,0,3,4,9,1760,260,1941,0,98199,47.6471,-122.412,3100,5800
1336800010,"20140613T000000",1335000,5,2.25,4200,5800,2.5,0,0,4,9,2910,1290,1906,0,98112,47.6284,-122.312,3060,5800
9274201807,"20140820T000000",580000,3,2.5,1590,1937,2.5,0,0,3,8,1590,0,2004,0,98116,47.5903,-122.388,1620,2022
1774000200,"20141202T000000",4e+05,3,1.75,1920,9102,1,0,0,3,7,1920,0,1968,0,98072,47.7487,-122.082,1920,9760
3885803895,"20150309T000000",763000,3,2,1360,8752,1,0,2,4,6,1360,0,1942,0,98033,47.6879,-122.208,2530,7680
3679401110,"20140530T000000",332000,2,1,1000,4776,1,0,0,4,6,1000,0,1942,0,98108,47.5619,-122.315,1500,4800
7202290160,"20150114T000000",435000,3,2.5,1560,3987,2,0,0,3,7,1560,0,2002,0,98053,47.687,-122.043,1600,3152
1929300415,"20141119T000000",710000,4,1.75,2000,6000,1,0,3,5,7,1000,1000,1956,0,98109,47.6428,-122.348,2610,4377
6021502470,"20141106T000000",555000,2,1,1550,4600,1,0,0,4,7,1050,500,1941,0,98117,47.686,-122.384,1550,4600
8045000340,"20140802T000000",565000,3,2.5,1700,7210,2,0,0,5,7,1700,0,1966,0,98052,47.6688,-122.161,1700,7566
8669160010,"20150325T000000",292500,3,2.5,2095,3438,2,0,0,3,7,2095,0,2008,0,98002,47.3523,-122.213,1805,3402
4447300137,"20140604T000000",989000,5,3.5,3280,4000,2,0,0,3,9,2440,840,2003,0,98117,47.689,-122.396,1980,4000
1864700300,"20141010T000000",347500,4,2.5,1970,7098,2,0,0,3,7,1970,0,2007,0,98038,47.3576,-122.058,1970,5361
7586200061,"20150312T000000",375000,3,3.25,1280,1730,2,0,0,3,8,1090,190,2005,0,98177,47.7032,-122.36,1280,2121
8043700105,"20150417T000000",2300000,4,4,4360,8175,2.5,1,4,3,10,3940,420,2007,0,98008,47.5724,-122.104,2670,8525
3449820100,"20141224T000000",535000,2,2.5,2730,7246,2,0,0,3,9,2730,0,1998,0,98056,47.512,-122.175,3220,7214
1862400471,"20140820T000000",392500,3,3.25,1600,1289,3,0,0,3,8,1600,0,1998,0,98117,47.6957,-122.375,1600,1376
3886000010,"20140821T000000",487000,2,2.5,1470,2533,2,0,0,3,8,1470,0,2005,0,98033,47.6874,-122.165,1470,6511
9406550050,"20150330T000000",289000,3,2.5,1490,8628,2,0,0,3,7,1490,0,1994,0,98038,47.3643,-122.041,1640,8514
3448001285,"20140818T000000",442500,4,2,1540,5920,1.5,0,0,5,7,1540,0,1935,0,98125,47.7148,-122.301,1630,6216
7304300570,"20140519T000000",366500,4,2.75,2070,9300,1,0,0,5,7,1120,950,1945,0,98155,47.7416,-122.32,1010,8308
797000276,"20140625T000000",270000,2,1,2060,8398,1,0,0,3,7,1260,800,1962,0,98168,47.509,-122.324,1690,13495
582000644,"20150501T000000",872500,4,2,1990,6000,1,0,0,3,9,1260,730,1956,2015,98199,47.6515,-122.397,1770,6000
984220330,"20140824T000000",325000,4,2.5,1820,9161,1,0,0,4,7,1220,600,1975,0,98058,47.4333,-122.168,1860,7650
4024100120,"20140625T000000",299900,3,1,1110,8593,1,0,0,3,7,1110,0,1979,0,98155,47.7595,-122.309,1780,8593
3158500290,"20140919T000000",387990,4,2.5,2640,5595,2,0,0,3,8,2640,0,2011,0,98038,47.3551,-122.054,1840,5011
5318100504,"20140728T000000",524000,2,2,1450,2272,1,0,0,4,6,750,700,1924,0,98112,47.633,-122.282,2170,4370
4078300024,"20140725T000000",590000,4,2.75,2160,4205,1,0,3,3,7,1080,1080,1969,0,98125,47.7081,-122.276,2450,6014
8150100240,"20150218T000000",265000,2,1,620,4760,1,0,0,3,6,620,0,1941,0,98126,47.5286,-122.376,620,4760
3013300968,"20140801T000000",416500,3,1,1100,4184,1,0,0,4,7,1100,0,1965,0,98136,47.5309,-122.382,1630,4366
3881900605,"20150315T000000",445000,2,1,950,4800,1,0,0,3,6,950,0,1941,0,98144,47.5864,-122.301,1420,5400
1773100561,"20150305T000000",308000,3,2.5,1250,1150,2,0,0,3,8,1080,170,2009,0,98106,47.5582,-122.363,1250,1150
1562100380,"20150319T000000",594000,4,1.75,2140,8000,1,0,0,4,8,1410,730,1965,0,98007,47.622,-122.139,2080,8000
1645000580,"20141002T000000",270000,4,2.5,1900,8282,1,0,0,3,7,1900,0,1968,1997,98022,47.2089,-122.003,1420,8350
1232001480,"20140710T000000",445000,2,1,840,3840,1,0,0,4,7,840,0,1926,0,98117,47.684,-122.378,1310,3840
3558910640,"20150401T000000",528000,4,1.75,1860,9750,1,0,0,3,7,1460,400,1969,0,98034,47.7097,-122.202,1900,8913
4178500300,"20140916T000000",269000,3,2.5,1730,6653,1,0,0,4,7,1360,370,1990,0,98042,47.3588,-122.088,1730,7061
6649500040,"20140812T000000",255000,3,1,1250,9472,1,0,0,4,6,1250,0,1972,0,98059,47.495,-122.154,1590,9600
6072300800,"20150505T000000",595000,4,1.75,2510,8989,1,0,0,4,8,1680,830,1964,0,98006,47.5569,-122.172,2510,8931
1788700230,"20140506T000000",191000,3,1.5,800,8850,1,0,0,4,6,800,0,1959,0,98023,47.3266,-122.348,820,8775
9266701115,"20140808T000000",488000,2,1.5,1000,5125,1,0,0,3,7,1000,0,1942,1968,98103,47.6926,-122.347,1090,5100
3438502083,"20140612T000000",310000,5,3,1880,5000,1,0,0,3,7,1100,780,1997,0,98106,47.5453,-122.363,1640,5000
8651430220,"20140725T000000",183000,3,1,870,5200,1,0,0,5,6,870,0,1969,0,98042,47.3702,-122.078,870,5200
7365600070,"20140624T000000",762500,4,2.75,2610,8760,1,0,0,4,8,1760,850,1978,0,98040,47.5875,-122.229,2550,10376
5126310110,"20140722T000000",540000,4,2.5,2600,9935,2,0,0,3,8,2600,0,2005,0,98059,47.4865,-122.142,2830,7620
6666830120,"20140624T000000",745641,4,2.5,2440,4850,2,0,0,3,8,2440,0,2013,0,98052,47.7043,-122.114,2970,5450
2526059225,"20150123T000000",952990,4,2.75,3550,6558,2,0,0,3,9,3550,0,2013,0,98052,47.7076,-122.115,3140,5617
2600140120,"20140812T000000",946000,4,3,3140,9058,1,0,0,3,9,2140,1000,1989,0,98006,47.5462,-122.154,2760,10018
7399000230,"20150107T000000",350000,4,2.5,2260,7500,1,0,0,3,8,1460,800,1965,0,98055,47.4645,-122.196,2260,7500
6821101275,"20140821T000000",478000,2,1.75,1960,6000,1,0,0,4,7,980,980,1904,0,98199,47.6531,-122.401,1650,6000
8588000610,"20141110T000000",210000,3,1,1040,8125,1,0,0,3,7,1040,0,1956,0,98003,47.3171,-122.316,1200,9375
4083306616,"20150224T000000",450000,2,1.5,960,1000,2,0,0,3,8,920,40,2008,0,98103,47.6489,-122.335,1200,1297
2473460860,"20141027T000000",260000,4,2.5,2110,8990,2,0,0,3,8,2110,0,1977,0,98058,47.4457,-122.127,2040,8800
7663700973,"20140522T000000",321000,3,2.25,1347,1292,3,0,0,3,7,1347,0,2010,0,98125,47.7306,-122.291,1480,1865
8902000050,"20141027T000000",622200,3,1.75,1720,7200,1,0,0,3,7,1420,300,1959,0,98125,47.7062,-122.304,1380,8000
2402100575,"20140613T000000",1125000,6,3.75,3010,4360,2,0,0,3,9,2000,1010,2014,0,98103,47.6873,-122.333,1600,5160
669000350,"20140926T000000",1245000,3,3,4610,8400,2,0,2,3,8,2790,1820,1947,1999,98144,47.5854,-122.292,2160,5000
1938400520,"20141016T000000",272000,4,2.25,2040,7600,1,0,0,4,8,1580,460,1978,0,98023,47.3169,-122.365,2130,7200
3904910010,"20140723T000000",480000,3,2.5,1640,7847,2,0,0,3,8,1640,0,1987,0,98029,47.5684,-122.018,1870,6079
8658303265,"20141106T000000",3e+05,3,1,1260,5000,1,0,0,4,6,1260,0,1968,0,98014,47.6492,-121.915,1180,7500
1545804340,"20150409T000000",240000,3,1.75,1760,6500,1,0,0,3,7,1150,610,1987,0,98038,47.3647,-122.05,1760,8125
6821102385,"20150326T000000",334000,2,1,900,1818,2,0,0,4,7,900,0,1945,0,98199,47.6485,-122.397,1570,1830
7922750150,"20140917T000000",561500,4,2.25,2310,9800,1,0,0,3,8,1780,530,1968,0,98033,47.6657,-122.178,2310,9800
2698200010,"20150513T000000",165000,3,1,1380,7334,1,0,0,3,7,980,400,1981,0,98055,47.4339,-122.192,1910,7859
3530540090,"20141113T000000",245000,2,1.5,1450,6258,1,0,0,4,8,1450,0,1983,0,98198,47.3785,-122.322,1460,5375
7227502075,"20150409T000000",410000,4,2.5,2070,6180,2,0,0,3,8,2070,0,2007,0,98056,47.4915,-122.183,1250,6018
2770604346,"20140705T000000",499000,3,2.5,1540,1326,3,0,0,3,8,1390,150,1995,0,98119,47.6457,-122.374,1680,1592
2130702350,"20140604T000000",364950,4,2.5,2310,8030,2,0,0,3,7,2310,0,1978,0,98019,47.7433,-121.982,1780,8041
263000325,"20140611T000000",349000,3,2.5,1430,1002,3,0,0,3,8,1430,0,2002,0,98103,47.698,-122.349,1430,1530
1246700136,"20141223T000000",405000,3,1.5,1280,9600,1,0,0,4,7,1280,0,1960,0,98033,47.6922,-122.163,1510,10005
4219400290,"20140502T000000",1200000,5,2.75,2910,9480,1.5,0,0,3,8,2910,0,1939,0,98105,47.6552,-122.278,2940,6600
6880210020,"20150308T000000",340000,4,2.5,1910,7201,1,0,0,3,7,1210,700,1987,0,98198,47.3908,-122.316,1690,7554
1018000276,"20150327T000000",217000,3,2.5,1340,4200,2,0,0,3,7,1340,0,2002,0,98002,47.2942,-122.226,990,4520
8564860270,"20140708T000000",449990,4,2.5,2680,5539,2,0,0,3,8,2680,0,2013,0,98045,47.4759,-121.734,2680,5992
5428000070,"20150511T000000",770000,5,3.5,4750,8234,2,0,2,3,10,3350,1400,2013,0,98198,47.3574,-122.318,2160,14496
2354300845,"20140804T000000",210000,3,1,1020,6000,1,0,0,3,5,1020,0,1900,0,98027,47.5281,-122.031,2070,7200
7568700525,"20150318T000000",326000,2,1,1210,7440,1,0,0,3,6,780,430,1940,0,98155,47.7376,-122.322,1070,7440
5101404555,"20141006T000000",290000,2,1,1020,6380,1,0,0,3,7,1020,0,1930,1973,98115,47.6971,-122.317,1380,6380
832700270,"20150213T000000",318000,3,1.5,1240,983,3,0,0,3,8,1240,0,2009,0,98133,47.7235,-122.353,1240,1026
9212900820,"20140828T000000",393820,2,2,1170,8251,1,0,0,3,7,1170,0,1941,0,98115,47.6873,-122.291,1360,6798
1061500630,"20150205T000000",359900,5,2.75,2790,7600,1.5,0,0,4,7,2790,0,1965,0,98056,47.4999,-122.165,1480,7600
2407900550,"20150507T000000",448000,4,2.5,2230,5000,1,0,0,3,7,1650,580,2006,0,98059,47.4799,-122.129,2090,4637
5104510720,"20141210T000000",360000,4,2.5,2000,5500,2,0,0,3,8,2000,0,2003,0,98038,47.3552,-122.014,2000,5512
1328320440,"20141210T000000",355000,3,2.25,1960,7000,1,0,0,3,8,1600,360,1980,0,98058,47.4427,-122.126,1980,7140
7203180370,"20150324T000000",955000,4,3.25,3720,6765,2,0,0,3,9,3720,0,2012,0,98053,47.688,-122.018,3100,6790
8682301050,"20141202T000000",705000,2,2.5,2300,6400,1,0,0,3,8,2300,0,2007,0,98053,47.7196,-122.02,2300,6400
2044500142,"20140902T000000",420000,3,1.75,1770,6000,1,0,0,3,7,1130,640,1952,0,98125,47.7135,-122.315,1900,7200
4038500210,"20150422T000000",797000,4,2.75,2650,8610,2,0,0,3,8,2650,0,1959,2007,98008,47.6155,-122.121,1680,8316
9385200042,"20150318T000000",529500,3,2.25,1410,905,3,0,0,3,9,1410,0,2014,0,98116,47.5818,-122.402,1510,1352
9334800140,"20141023T000000",315000,3,1.75,1660,8160,1,0,0,4,7,1660,0,1951,0,98166,47.4608,-122.358,1490,8100
2126059295,"20140805T000000",995500,5,4.5,4280,8465,2,0,0,3,10,4280,0,2014,0,98034,47.7325,-122.165,2990,11067
2619950740,"20150109T000000",435000,3,2.5,2260,5100,2,0,0,3,8,2260,0,2007,0,98019,47.7341,-121.968,2260,5100
423059184,"20141201T000000",180000,3,1,1960,9583,2,0,0,2,5,1960,0,1908,0,98056,47.505,-122.171,1850,8324
4364700990,"20141003T000000",335000,3,1,1030,7200,1,0,0,3,6,880,150,1948,0,98126,47.5255,-122.376,1030,7200
2407000110,"20150414T000000",275000,3,1.75,1580,8775,1,0,0,3,6,1220,360,1942,0,98146,47.4845,-122.335,1180,8775
6613000585,"20150108T000000",1620500,3,2.5,3490,9362,1,0,3,5,9,1770,1720,1960,0,98105,47.6605,-122.27,3640,7425
8562890370,"20150414T000000",399950,4,2.5,3110,5868,2,0,0,3,8,3110,0,2001,0,98042,47.3781,-122.126,2950,5924
2493200325,"20150509T000000",589500,4,1.5,1440,3200,1,0,1,4,7,960,480,1960,0,98136,47.5269,-122.383,1650,6400
9532000070,"20141201T000000",536000,4,2.5,2520,4831,2,0,0,3,8,2520,0,2009,0,98072,47.7711,-122.168,2430,3937
2926049237,"20141006T000000",417500,5,3,2270,6664,1,0,0,3,7,1340,930,1995,0,98125,47.7191,-122.315,1870,6187
7518505040,"20150330T000000",415000,1,1,700,2550,1,0,0,3,6,700,0,1954,0,98117,47.6783,-122.383,1330,4110
2011400583,"20140606T000000",402000,3,2.5,2700,9994,1,0,3,4,7,1350,1350,1959,0,98198,47.397,-122.321,2470,10664
6896300380,"20141002T000000",228000,0,1,390,5900,1,0,0,2,4,390,0,1953,0,98118,47.526,-122.261,2170,6000
2492200335,"20150423T000000",901000,4,3.25,1560,4080,1,0,0,3,7,1560,0,1916,0,98126,47.5347,-122.38,1370,4080
6848200221,"20140902T000000",635000,3,3.5,1730,1349,3,0,0,3,9,1350,380,2009,0,98102,47.6224,-122.326,1830,3300
4038200480,"20141201T000000",480000,3,1,1160,8800,1,0,0,4,7,1160,0,1959,0,98008,47.6112,-122.128,1750,8400
2862500070,"20141209T000000",859950,6,4,3180,6551,2,0,0,3,9,3180,0,2014,0,98074,47.6236,-122.023,3230,7602
7853340860,"20150310T000000",420000,2,2.75,1760,4139,2,0,0,3,8,1760,0,2010,0,98065,47.5175,-121.878,1870,3076
2781250970,"20150501T000000",250000,2,1.75,1350,4023,1,0,0,3,7,1350,0,2005,0,98038,47.3493,-122.023,1370,3570
3760000020,"20141022T000000",360000,3,1,1660,9600,1,0,0,3,7,1660,0,1963,0,98034,47.708,-122.216,2020,9600
2919702235,"20140528T000000",740000,2,1.75,2080,4800,1,0,0,5,7,1080,1000,1923,0,98117,47.6896,-122.362,1310,4800
7550801207,"20150428T000000",536500,2,2,1360,1860,1,0,0,4,7,680,680,1925,0,98107,47.6727,-122.396,1440,5000
9187200285,"20140505T000000",823000,6,1.75,2920,5000,2.5,0,0,4,9,2780,140,1908,0,98122,47.6024,-122.295,2020,5000
7922710320,"20150316T000000",530000,3,1.75,1520,9605,1,0,0,3,7,1520,0,1975,0,98052,47.667,-122.142,2040,9900
2538410260,"20140801T000000",316000,5,2.5,2600,4641,2,0,0,3,7,2600,0,2005,0,98058,47.4325,-122.146,2330,4589
9276202190,"20140808T000000",545000,6,1.75,1820,6250,1,0,0,3,7,1130,690,1954,0,98116,47.579,-122.39,1820,5750
164000237,"20140612T000000",495000,4,2.5,2140,7245,2,0,0,3,7,2140,0,2003,0,98133,47.729,-122.35,2080,7875
6918710340,"20140822T000000",385000,3,2.25,2110,8000,2,0,0,3,8,2110,0,1975,0,98034,47.7311,-122.204,1740,7270
2877102495,"20150429T000000",445000,3,1.5,860,3200,1,0,0,3,6,860,0,1929,0,98117,47.6791,-122.362,1220,4300
2207100255,"20140515T000000",395300,3,1.5,1120,7000,1,0,0,3,7,1120,0,1955,0,98007,47.5987,-122.146,1470,7950
4399200100,"20150428T000000",288000,3,2.25,1560,9706,1,0,0,4,7,1560,0,1963,0,98002,47.3191,-122.213,1510,9706
7820000015,"20150312T000000",395000,3,1.75,1400,8640,1,0,0,3,7,1400,0,1962,0,98011,47.7659,-122.204,1630,8640
9215400105,"20150428T000000",450000,3,1.75,1250,5963,1,0,0,4,7,1250,0,1953,0,98115,47.6796,-122.301,970,5100
1853081060,"20150416T000000",878000,4,2.5,3810,7728,2,0,0,3,9,3810,0,2007,0,98074,47.5925,-122.058,3290,7728
7942300070,"20140915T000000",229900,4,1.75,1550,9899,1,0,0,4,7,1550,0,1967,0,98030,47.3583,-122.183,1500,11272
6411600113,"20150420T000000",375000,3,1,1210,7425,1,0,0,4,6,1210,0,1910,0,98133,47.7125,-122.33,1260,7425
3905081800,"20140725T000000",560000,4,3,2170,5764,2,0,0,3,8,2170,0,1992,0,98029,47.5673,-121.999,2010,5681
4226900211,"20141023T000000",560000,4,1,1360,5814,1.5,0,0,2,6,1360,0,1900,0,98122,47.6038,-122.314,1010,5814
8956000460,"20150123T000000",625000,3,2.5,2010,3200,2,0,0,3,9,2010,0,2009,0,98027,47.5463,-122.015,2250,3200
4221270290,"20141121T000000",544900,3,2.5,1990,4936,2,0,0,3,8,1990,0,2004,0,98075,47.5911,-122.018,2250,4815
7236100015,"20140520T000000",259000,3,1,1320,8625,1,0,0,4,7,1320,0,1957,0,98056,47.4902,-122.179,1370,8295
3626039187,"20150406T000000",395000,2,1,770,6000,1,0,0,3,6,770,0,1953,0,98117,47.6999,-122.364,1710,6000
1446401460,"20150422T000000",122000,2,1,760,5280,1,0,0,3,6,760,0,1946,0,98168,47.483,-122.33,1710,6594
3277801411,"20141105T000000",350000,3,2.5,1380,1590,2,0,0,3,9,1160,220,2012,0,98126,47.5444,-122.375,1380,1590
3388000640,"20150318T000000",220000,3,1.5,1280,7742,1,0,0,4,7,1280,0,1962,0,98031,47.3947,-122.197,1450,8316
5255690060,"20150318T000000",413000,5,2.5,2900,8711,1,0,0,3,8,1650,1250,1977,0,98011,47.7752,-122.197,2340,8869
8133700020,"20140702T000000",496000,2,1,900,9260,1,0,0,3,7,900,0,1946,0,98107,47.6695,-122.36,1230,6913
3232200085,"20150428T000000",1500000,6,3.5,3670,3959,2,0,0,3,10,2410,1260,2008,0,98119,47.6356,-122.373,2060,3625
9378500050,"20141006T000000",295000,4,2.5,2350,8906,2,0,0,3,7,2350,0,1993,0,98031,47.4205,-122.215,2000,8165
8658303065,"20140519T000000",307000,3,1,1370,7500,1,0,0,3,7,1370,0,1960,0,98014,47.6499,-121.915,1160,7500
4123400310,"20150409T000000",559500,4,1.75,1650,7088,1,0,0,3,8,1650,0,1973,0,98027,47.5688,-122.087,1850,7523
4385700185,"20140812T000000",799950,3,2.25,1860,1386,3,0,0,3,9,1860,0,2014,0,98112,47.6368,-122.279,1680,3080
1329300300,"20141001T000000",335000,4,2.5,2154,6050,2,0,0,3,8,2154,0,2012,0,98030,47.3513,-122.174,2305,5769
7677300010,"20150303T000000",772500,4,1,1720,4410,1.5,0,2,3,7,1720,0,1928,0,98117,47.6791,-122.402,2140,4500
7200001254,"20140709T000000",550000,4,1.75,2150,9000,1,0,0,4,7,1110,1040,1966,0,98052,47.6812,-122.113,2040,9000
1024000050,"20140718T000000",915000,3,2.75,3390,7000,1,0,3,4,8,1740,1650,1979,0,98116,47.5701,-122.408,1770,6500
5101406441,"20150416T000000",490000,3,1,1600,6380,1.5,0,0,3,7,1400,200,1939,0,98125,47.7015,-122.317,1760,6380
4123800320,"20150206T000000",176000,3,3.25,1340,5434,2,0,0,3,7,1340,0,1986,0,98038,47.3779,-122.045,1670,6203
6306400140,"20140612T000000",1095000,0,0,3064,4764,3.5,0,2,3,7,3064,0,1990,0,98102,47.6362,-122.322,2360,4000
1062100100,"20140626T000000",424000,4,2,2100,4857,2,0,0,3,8,2100,0,1965,1984,98155,47.7521,-122.279,1450,5965
3025049052,"20140812T000000",822500,2,1,1450,7098,1,0,4,3,7,1450,0,1924,0,98109,47.63,-122.349,2390,6098
9477100060,"20140909T000000",445950,3,1.75,1300,7800,1,0,0,5,7,1300,0,1968,0,98034,47.7321,-122.195,1520,7344
3709600180,"20140526T000000",346000,4,2.5,2100,3916,2,0,0,3,8,2100,0,2009,0,98058,47.4324,-122.185,2100,3916
6679000560,"20140729T000000",314950,2,2.5,1860,6359,2,0,0,3,7,1860,0,2003,0,98038,47.3847,-122.029,1860,6359
650000030,"20141017T000000",745000,3,1,1390,9112,1,0,0,4,7,1390,0,1951,0,98004,47.6071,-122.197,2290,9112
2770604920,"20140903T000000",497000,3,3,2060,1850,2,0,0,3,8,1400,660,2007,0,98119,47.6543,-122.373,1910,2951
223039254,"20140624T000000",329950,2,1,900,5220,1,0,0,4,6,900,0,1956,0,98146,47.5105,-122.387,1480,6660
1646500365,"20141121T000000",579000,3,1.75,1800,4429,2,0,0,4,7,1800,0,1906,0,98103,47.6842,-122.357,1310,4429
1049010390,"20150319T000000",505000,3,2,1260,5460,1,0,0,3,7,1260,0,1972,0,98034,47.7355,-122.18,1510,5460
4385701285,"20141223T000000",1272000,4,3.25,3020,4000,1.5,0,0,5,8,1920,1100,1927,0,98112,47.6395,-122.279,2400,4000
7212650990,"20140721T000000",334950,4,2.5,2410,7846,2,0,0,3,8,2410,0,1992,0,98003,47.2641,-122.312,2380,7914
7979900806,"20150311T000000",294950,2,1,1060,7868,1,0,0,3,7,1060,0,1952,0,98155,47.7414,-122.295,1530,10728
3578600062,"20140512T000000",270000,3,1,1830,8209,1,0,0,3,7,1830,0,1942,0,98028,47.7439,-122.228,2150,12000
1926059039,"20141006T000000",799950,4,2.5,3320,7429,2,0,0,3,9,3320,0,2014,0,98034,47.7189,-122.225,1840,7429
4039400430,"20140516T000000",330000,3,1.5,1170,4950,1,0,0,4,7,1170,0,1960,0,98007,47.6057,-122.135,1570,7700
7227501369,"20140610T000000",369990,4,2.5,1960,7133,2,0,0,3,7,1960,0,2002,0,98056,47.4941,-122.19,1960,6705
6647400250,"20140723T000000",439950,3,2.5,1540,7773,2,0,0,4,8,1540,0,1982,0,98034,47.722,-122.194,1630,7340
1865400075,"20140522T000000",320000,3,2.25,998,844,2,0,0,3,7,798,200,2007,0,98117,47.6983,-122.367,998,1110
1112000035,"20150311T000000",420000,2,1,1000,5375,1,0,0,3,7,1000,0,1953,0,98118,47.5404,-122.268,1380,5000
2888000030,"20140926T000000",5e+05,4,2.25,2270,8196,1,0,0,5,7,1150,1120,1963,0,98034,47.7214,-122.227,1920,10122
5710610520,"20150226T000000",454900,3,1.75,2130,9775,1,0,0,4,8,1430,700,1973,0,98027,47.5326,-122.049,2130,11250
9294300070,"20140502T000000",650000,4,2,1820,5000,1.5,0,1,3,7,1640,180,1945,0,98115,47.6815,-122.269,2060,5000
3905081520,"20150325T000000",625000,4,2.75,2390,6979,2,0,0,3,8,2390,0,1993,0,98029,47.5703,-121.996,2090,6321
3224900130,"20140514T000000",223000,3,1.75,1340,7473,1,0,0,4,7,1340,0,1973,0,98002,47.3087,-122.206,1510,8240
1895450230,"20150218T000000",325000,3,2.5,2260,8120,2,0,0,3,8,2260,0,2004,0,98023,47.2924,-122.357,2250,7784
8899000430,"20150217T000000",325500,4,1.75,2290,8142,1,0,0,4,7,1490,800,1969,0,98055,47.4564,-122.211,1840,8142
597000593,"20141117T000000",403000,2,1.5,1240,1101,2,0,0,3,8,1080,160,2009,0,98144,47.5758,-122.309,1530,1209
9106000005,"20150527T000000",1310000,4,2.25,3750,5000,2,0,0,5,8,2440,1310,1924,0,98115,47.6747,-122.303,2170,4590
6137610620,"20140808T000000",5e+05,4,2.5,2590,9354,2,0,0,4,9,2590,0,1993,0,98011,47.7703,-122.193,2730,9264
290200230,"20140819T000000",676000,4,2.5,2800,5368,2,0,0,3,8,2800,0,2003,0,98074,47.6076,-122.053,2790,5368
9206950200,"20150310T000000",352000,2,2.5,1320,1957,1,0,0,3,8,660,660,2004,0,98106,47.5364,-122.365,1420,2198
9324800025,"20141125T000000",325500,3,1.5,1540,8110,1,0,0,4,7,1190,350,1959,0,98125,47.7329,-122.291,1290,8110
1402660150,"20141203T000000",412000,3,2.5,2210,7000,2,0,0,4,8,2210,0,1985,0,98058,47.4377,-122.132,2260,7224
8091411040,"20140701T000000",274900,4,2.5,1970,6600,2,0,0,3,7,1970,0,1987,0,98030,47.3491,-122.168,1970,7682
2634500070,"20150116T000000",432500,3,2,1720,8145,2,0,0,5,7,1720,0,1949,0,98155,47.7393,-122.325,1400,8138
9578501110,"20141003T000000",429900,4,3.5,2584,5005,2,0,0,3,8,2584,0,2014,0,98023,47.296,-122.35,2767,5201
8961990160,"20150413T000000",567500,3,2.5,2080,4556,2,0,0,3,8,2080,0,1999,0,98074,47.6036,-122.014,1530,5606
3885804305,"20140911T000000",949000,4,1.75,2490,7834,1,0,3,4,8,1240,1250,1958,0,98033,47.6851,-122.209,3210,7834
2212200090,"20150209T000000",215000,3,1,1610,7140,1,0,0,3,7,1080,530,1976,0,98031,47.3943,-122.189,1800,7600
3578401700,"20140701T000000",540000,3,1.75,2050,9580,1,0,0,3,8,1400,650,1984,0,98074,47.6212,-122.038,1740,11952
993000873,"20150318T000000",380500,3,2,1270,1348,3,0,0,3,8,1270,0,2003,0,98103,47.6929,-122.342,1180,1360
2329800140,"20141203T000000",291000,4,2.5,1580,6633,2,0,0,4,7,1580,0,1984,0,98042,47.3768,-122.118,1590,6633
2526059046,"20150429T000000",638500,4,2.5,1980,6568,2,0,0,3,8,1980,0,2004,0,98052,47.704,-122.101,2310,6496
3626039279,"20140805T000000",395000,2,1,960,6700,1,0,0,3,7,960,0,1951,0,98103,47.6955,-122.357,1350,6700
2123049502,"20140623T000000",215000,3,2,1340,8505,1,0,0,3,6,1340,0,1931,0,98168,47.4727,-122.297,1370,9000
2917200365,"20140610T000000",445434,2,1,1470,7137,1,0,0,3,7,1020,450,1941,0,98103,47.7008,-122.352,1470,7067
7283900010,"20150223T000000",350000,3,1,1080,7000,1,0,0,4,6,1080,0,1916,0,98133,47.7637,-122.351,1410,7214
4024101052,"20141217T000000",305500,3,1,1240,6090,1,0,0,4,7,1240,0,1950,0,98155,47.7542,-122.307,1550,9096
9542800050,"20141211T000000",287000,2,2.5,2410,7500,1,0,0,3,7,1550,860,1978,0,98023,47.3078,-122.374,1840,8800
8682220150,"20140606T000000",835000,2,2,2280,6815,1,0,0,3,8,2280,0,2002,0,98053,47.7103,-122.027,2280,6750
6855700080,"20140714T000000",294950,3,1,1240,8840,1,0,0,3,6,1240,0,1952,0,98125,47.7277,-122.308,1250,8840
6908200006,"20140919T000000",699000,3,2,1820,4080,2,0,2,3,8,1820,0,1937,1987,98107,47.6735,-122.401,2160,5400
8931100095,"20140821T000000",779000,2,2.25,2130,5920,1,0,0,3,8,1830,300,1950,0,98115,47.6792,-122.275,2130,7192
4083302485,"20150420T000000",913000,3,1.75,2170,4000,1,0,0,4,7,1110,1060,1925,0,98103,47.6546,-122.337,1890,4000
6669020290,"20150304T000000",279950,3,1.75,1720,9775,1,0,0,3,8,1720,0,1978,0,98032,47.3731,-122.286,1970,8400
7550800915,"20150219T000000",417200,2,1,1000,4000,1,0,0,3,6,1000,0,1910,0,98107,47.6742,-122.396,1490,5000
8086000201,"20141204T000000",875000,3,2.5,1820,6848,1,0,0,4,7,1820,0,1953,0,98004,47.6287,-122.207,2080,11700
2316800100,"20141105T000000",525000,3,2.5,2990,6725,2,0,0,3,9,2990,0,2003,0,98059,47.4928,-122.142,2790,6725
1972200728,"20141124T000000",630500,3,2.5,1909,1300,3,0,0,3,8,1766,143,2006,0,98103,47.6538,-122.352,1780,1248
8956200560,"20150320T000000",453000,4,2.5,2502,8306,2,0,0,3,9,2502,0,2013,0,98001,47.2953,-122.265,2597,6983
1563102435,"20141210T000000",950000,3,1.75,2150,4200,1,0,4,5,8,1140,1010,1960,0,98116,47.5671,-122.405,2510,7500
3826000460,"20150313T000000",297975,3,2.25,2820,8100,1,0,0,4,7,1720,1100,1947,0,98168,47.4944,-122.304,1040,8100
6137610540,"20140827T000000",490000,3,2.25,2550,8588,1,0,4,3,9,2550,0,1989,0,98011,47.7711,-122.195,3050,8588
8562500690,"20140513T000000",581000,4,1.75,2090,8164,1,0,0,4,8,1070,1020,1963,0,98052,47.6715,-122.155,1310,7975
9510970090,"20141121T000000",637250,4,2.5,2120,3220,2,0,0,3,9,2120,0,2005,0,98052,47.6662,-122.083,2120,3547
6852700279,"20140619T000000",475000,3,2.5,950,1110,2,0,0,3,8,950,0,2003,0,98102,47.6226,-122.319,1230,1215
514500090,"20140513T000000",550000,4,2,2250,7500,1,0,0,5,7,1200,1050,1956,0,98005,47.5877,-122.157,1440,7500
7308900100,"20140619T000000",401000,4,1,1940,5753,1.5,0,0,3,7,1940,0,1947,0,98177,47.7188,-122.358,2170,6075
9542830210,"20150211T000000",3e+05,4,2.25,1660,3200,2,0,0,3,7,1660,0,2011,0,98038,47.3666,-122.019,1960,3558
1995200215,"20140826T000000",352000,4,1.75,1850,5712,1,0,0,3,7,1850,0,1954,0,98115,47.6966,-122.324,1510,6038
7345200650,"20141231T000000",219200,3,2,1680,7000,1.5,0,0,4,7,1680,0,1968,0,98002,47.2775,-122.203,1540,7480
3880900010,"20140604T000000",2400000,5,3.25,3410,9088,2,0,3,3,9,2760,650,1912,0,98119,47.6285,-122.361,3540,7100
3832050760,"20140828T000000",270000,3,2.5,1870,5000,2,0,0,3,7,1870,0,2009,0,98042,47.3339,-122.055,2170,5399
9264950660,"20150310T000000",339000,3,2,2350,8459,1.5,0,0,3,9,2350,0,1989,0,98023,47.3043,-122.349,2430,8459
6666860170,"20140827T000000",365000,3,2.5,2200,9696,2,0,0,3,8,2200,0,1987,0,98031,47.4197,-122.205,2200,9915
2473480310,"20140918T000000",365000,4,2.5,2140,7350,2,0,0,3,8,2140,0,1985,0,98058,47.4483,-122.124,2120,8395
3327000090,"20140612T000000",210000,4,1.75,1200,7680,1,0,0,3,7,1200,0,1968,0,98092,47.3138,-122.192,1490,7800
3275850020,"20150413T000000",781000,4,2.5,2590,8571,2,0,0,3,9,2590,0,1988,0,98052,47.691,-122.105,2360,8155
1760650750,"20141006T000000",320000,4,2.5,2300,3825,2,0,0,3,7,2300,0,2012,0,98042,47.3594,-122.082,2110,3825
1890000170,"20141029T000000",552000,3,2.5,1280,1920,3,0,0,3,8,1280,0,2009,0,98105,47.6621,-122.324,1450,1900
6431500280,"20150323T000000",393000,2,1,830,5000,1,0,0,4,7,830,0,1921,0,98103,47.6914,-122.352,1110,5000
3904940200,"20140620T000000",660000,4,3.25,3030,9273,2,0,0,5,8,3030,0,1988,0,98029,47.5747,-122.014,2360,7632
3812400107,"20150330T000000",378500,4,2,1830,6000,1,0,0,5,7,1070,760,1953,0,98118,47.5453,-122.279,1830,5500
8960200630,"20150220T000000",248000,3,1,1180,6947,1,0,0,4,7,1180,0,1968,0,98031,47.4233,-122.177,1760,8657
2206700165,"20140716T000000",450000,3,1.5,1520,7903,1,0,0,4,7,1000,520,1955,0,98006,47.5659,-122.141,1520,9830
5631500213,"20140515T000000",342400,3,2.25,1180,9630,2,0,0,3,7,1180,0,1986,0,98028,47.7352,-122.232,2660,5979
1329500120,"20150109T000000",3e+05,4,2.5,2600,8572,2,0,0,3,8,2600,0,2003,0,98001,47.3155,-122.266,2170,5288
5101406522,"20141001T000000",420000,3,1.5,1130,5413,1,0,0,3,7,940,190,1946,0,98125,47.7021,-122.32,1400,7168
9285800735,"20140812T000000",406650,2,1,1070,6100,1,0,0,3,6,1070,0,1940,0,98126,47.5698,-122.377,1770,5695
3522900061,"20150421T000000",418000,2,1,1040,6900,1,0,0,4,7,1040,0,1915,0,98136,47.5411,-122.391,1620,6280
4359100050,"20150330T000000",244000,3,1.5,1360,9625,1,0,0,3,7,1360,0,1963,0,98030,47.3799,-122.211,1890,9625
2822100175,"20140827T000000",284000,3,1.75,1430,4850,1,0,0,3,7,930,500,1978,0,98108,47.5472,-122.303,1430,4850
1473120730,"20140627T000000",469900,4,2.5,2990,8913,2,0,0,4,9,2990,0,1991,0,98058,47.4353,-122.159,2740,8030
984220370,"20150326T000000",279000,4,2.25,2090,8941,2,0,0,3,7,2090,0,1975,0,98058,47.4332,-122.167,1890,7946
2946000590,"20141223T000000",276000,3,1.5,1820,8750,1,0,0,4,7,1200,620,1958,0,98198,47.4213,-122.322,1500,8000
1150000200,"20150414T000000",640000,3,2.5,2420,8244,2,0,0,3,10,2420,0,1988,0,98029,47.5595,-122.019,2500,9320
6400700264,"20150317T000000",730000,4,2.5,2460,7930,2,0,0,3,8,2460,0,2005,0,98033,47.6684,-122.175,1850,9000
3678900110,"20140610T000000",403000,2,1,1100,3598,1,0,0,4,7,1100,0,1926,0,98144,47.5738,-122.313,1240,3598
7548301041,"20140623T000000",345000,3,1.5,1420,1192,2,0,0,3,8,1140,280,2008,0,98144,47.5881,-122.304,1340,1213
8820900029,"20140610T000000",7e+05,5,2.75,3100,9825,2,0,2,4,8,3100,0,1950,1982,98125,47.7188,-122.281,2120,8400
9524100050,"20141222T000000",360000,3,1.75,1255,1113,3,0,0,3,8,1255,0,2010,0,98103,47.6958,-122.343,1010,1038
1853080540,"20141124T000000",858450,5,2.75,3460,7977,2,0,0,3,9,3460,0,2011,0,98074,47.5908,-122.062,3390,6630
1761100300,"20141030T000000",220000,3,1.75,1230,7200,1,0,0,3,7,1230,0,1986,0,98023,47.2881,-122.363,1540,7210
393000045,"20141226T000000",415000,5,1.75,3700,9140,1,0,0,3,8,1850,1850,1957,0,98178,47.5086,-122.258,2190,6720
770000045,"20141024T000000",405600,5,1.5,2830,4000,2.5,0,0,4,8,2830,0,1918,0,98118,47.5132,-122.262,1480,4000
4443800555,"20140716T000000",667000,3,1.75,1770,3880,1,0,0,3,8,1300,470,1963,0,98117,47.6846,-122.392,1430,3880
192600100,"20140626T000000",440000,4,2.5,2160,7826,1,0,0,4,7,1390,770,1976,0,98155,47.7754,-122.276,2190,9900
3374500290,"20140714T000000",320900,3,2,1770,7251,1,0,0,4,8,1770,0,1990,0,98031,47.4087,-122.17,2560,7210
3205400150,"20140617T000000",402000,3,1.5,1450,7375,1,0,0,3,7,1010,440,1968,0,98034,47.7212,-122.179,1350,7440
3211000170,"20140922T000000",255000,4,2.5,1580,7800,1,0,0,4,7,1580,0,1959,0,98059,47.481,-122.163,1320,7800
6300500476,"20150415T000000",420000,3,2.5,1509,1114,3,0,0,3,8,1509,0,2014,0,98133,47.7049,-122.34,1509,2431
3876800580,"20140902T000000",351000,4,1,1430,8400,1,0,0,3,6,730,700,1969,0,98072,47.7417,-122.172,1310,8240
9521101455,"20140723T000000",548000,2,1,1470,3864,1,0,0,4,7,1170,300,1916,0,98103,47.6638,-122.345,1570,3864
7504200120,"20140613T000000",430000,3,2,1910,5040,1.5,0,0,3,8,1910,0,1971,0,98074,47.6312,-122.061,1980,4275
7853302180,"20150409T000000",451000,4,2.5,2320,5375,2,0,0,3,7,2320,0,2006,0,98065,47.5415,-121.883,2060,5395
5370200170,"20150217T000000",325000,2,1,1070,5080,1,0,0,5,6,1070,0,1942,0,98106,47.5224,-122.35,900,5080
1250200418,"20140527T000000",345000,2,1.5,1180,844,2,0,0,3,7,990,190,2005,0,98144,47.5998,-122.3,1170,1400
6813600365,"20141009T000000",527950,4,1.75,1760,3600,1,0,0,5,7,880,880,1926,0,98103,47.6889,-122.33,1500,5580
2324039077,"20150427T000000",306000,2,1,930,5650,1,0,2,3,7,930,0,1941,0,98126,47.5478,-122.377,1340,6400
3832711040,"20150424T000000",321000,5,2.75,3030,7000,1,0,0,4,7,1540,1490,1978,0,98032,47.3661,-122.28,1790,7330
1980200384,"20141022T000000",825000,4,3.5,3620,6499,2.5,0,0,3,9,3620,0,2003,2009,98177,47.7326,-122.36,2330,7200
2767602855,"20150429T000000",750000,5,3.5,2160,2323,3,0,0,3,9,2160,0,2007,0,98107,47.6726,-122.39,1750,4650
1315300070,"20150319T000000",925500,3,2.75,1970,5200,1.5,0,3,3,8,1970,0,1915,2002,98136,47.5374,-122.388,2140,5200
2883200966,"20150318T000000",780000,5,1.5,1940,4800,2,0,0,3,8,1940,0,1905,0,98103,47.6845,-122.332,1750,4800
4222300040,"20141216T000000",284850,3,1.5,1590,8256,1,0,1,3,7,1090,500,1969,0,98003,47.3488,-122.304,1950,7840
5101405274,"20140529T000000",389000,2,1,910,7000,1,0,0,3,7,910,0,1952,0,98115,47.6999,-122.305,1260,7528
2473101140,"20150428T000000",314950,3,1,1590,8470,1,0,0,4,7,1140,450,1967,0,98058,47.4473,-122.159,1570,9375
9126101740,"20141204T000000",490000,8,5,2800,2580,2,0,0,3,8,1880,920,1997,0,98122,47.6086,-122.303,1800,2580
1898310100,"20150220T000000",236775,3,2.5,1830,8372,2,0,0,3,8,1830,0,1987,0,98023,47.3116,-122.4,1770,8372
6679000370,"20140525T000000",295000,3,2.5,1560,4200,2,0,0,3,7,1560,0,2003,0,98038,47.3838,-122.026,1560,4200
1211000070,"20140921T000000",575000,5,2.5,2760,4000,1.5,0,0,3,8,1730,1030,1926,2014,98122,47.6074,-122.299,1680,4000
982850080,"20140613T000000",415500,4,2.5,1750,4779,2,0,0,3,7,1750,0,2009,0,98028,47.7608,-122.232,1580,4687
5273200060,"20150504T000000",716528,3,1.5,1750,5400,1,0,0,4,7,1050,700,1952,0,98115,47.6799,-122.279,1750,5400
4137020910,"20150507T000000",297300,3,1.75,1980,9220,2,0,0,3,8,1980,0,1987,0,98092,47.2602,-122.219,2080,8305
9138100261,"20141029T000000",645000,4,1.5,2550,4000,1.5,0,0,4,7,1760,790,1926,0,98115,47.6811,-122.318,1840,4000
8562770490,"20150330T000000",571000,3,2.5,2140,2867,2,0,0,3,8,1960,180,2005,0,98027,47.5357,-122.073,2280,2836
7853430180,"20140716T000000",699188,4,3.25,3250,5478,2,0,0,3,9,3250,0,2014,0,98065,47.5178,-121.887,3250,5482
49000051,"20150316T000000",350000,2,1.75,1430,7921,1,0,0,3,7,1430,0,1983,0,98146,47.5088,-122.371,1290,8040
2331540070,"20140703T000000",342000,4,2.5,2300,6448,2,0,0,3,8,2300,0,2001,0,98030,47.3813,-122.204,1860,5872
2115510330,"20150202T000000",287500,3,2.25,2030,8690,1,0,0,4,8,1360,670,1986,0,98023,47.3185,-122.391,1720,8800
1683600120,"20150121T000000",220000,3,1.75,1720,7587,1,0,0,4,7,1140,580,1981,0,98092,47.3175,-122.182,1120,7287
7519001275,"20150301T000000",624000,3,1.75,1510,5200,1,0,0,4,7,860,650,1922,0,98117,47.6864,-122.365,1650,4160
2781280390,"20150324T000000",290000,3,2.5,1610,2937,2,0,0,3,8,1610,0,2006,0,98055,47.4489,-122.188,1610,3049
3343301385,"20140527T000000",685000,3,2.5,2810,7700,2,0,0,3,9,2810,0,2001,0,98006,47.5464,-122.191,2910,8250
4323700230,"20140818T000000",390000,4,1.75,2020,9750,1,0,0,3,7,1100,920,1975,0,98074,47.6192,-122.055,1670,9600
9215400075,"20150422T000000",406000,3,1,960,5264,1,0,0,3,7,960,0,1953,0,98115,47.6805,-122.301,1140,5150
5315100476,"20141010T000000",760250,5,2.75,2540,8250,1,0,0,4,7,1440,1100,1953,0,98040,47.5875,-122.24,2540,11000
8691400010,"20150327T000000",830000,4,3.25,3330,7809,2,0,0,3,9,3330,0,2004,0,98075,47.5977,-121.976,3100,6465
9526600340,"20150512T000000",729000,3,2.5,2440,4244,2,0,0,3,8,2440,0,2011,0,98052,47.7057,-122.112,2690,4556
53500020,"20150114T000000",248000,3,2.5,1870,4046,2,0,0,3,7,1870,0,2007,0,98042,47.342,-122.059,2130,4800
8150100265,"20141118T000000",255000,2,1,620,4760,1,0,0,3,6,620,0,1941,0,98126,47.5292,-122.376,620,4760
9415950020,"20140608T000000",260000,4,2.5,1811,4381,2,0,0,3,8,1811,0,2007,0,98055,47.454,-122.19,1811,4150
3677400445,"20140902T000000",475000,3,1.5,2480,5280,1.5,0,0,5,7,1620,860,1947,0,98108,47.5575,-122.303,2090,4800
3876311490,"20140724T000000",580000,4,2.75,3210,6825,1,0,0,5,7,1810,1400,1975,0,98034,47.7338,-122.169,1840,8000
3356403304,"20141016T000000",154000,3,3,1530,9997,1,0,0,3,6,1020,510,1992,0,98001,47.2861,-122.252,1410,9997
2851200100,"20140701T000000",955500,4,1.75,2130,5080,1.5,0,0,3,8,2130,0,1914,1993,98119,47.6427,-122.363,1900,5080
9293000170,"20150408T000000",8e+05,5,2.5,3410,4726,2,0,0,3,9,3410,0,2007,0,98006,47.5459,-122.184,2810,5129
8663260030,"20141118T000000",416000,3,2.5,1800,5372,2,0,0,3,8,1800,0,1987,0,98034,47.7188,-122.177,1650,6014
7768800280,"20140722T000000",870515,4,3.5,3600,5697,2,0,0,3,9,2940,660,2014,0,98075,47.5755,-122.071,3490,5911
1891100090,"20140505T000000",620000,3,1.75,1480,2185,2.5,0,0,3,9,1480,0,2005,0,98034,47.6945,-122.17,1480,2441
740500070,"20141006T000000",265000,3,1.5,1460,8505,1,0,0,4,7,1460,0,1955,0,98055,47.4402,-122.195,1580,8505
7955050170,"20150410T000000",455000,3,2.25,1790,7500,1,0,0,3,7,1390,400,1973,0,98034,47.7321,-122.198,1940,7192
2112700030,"20141126T000000",357000,5,2.75,1540,4000,1,0,0,3,7,1140,400,1990,0,98106,47.533,-122.354,1630,4000
4239400300,"20141129T000000",90000,3,1,980,2490,2,0,0,4,6,980,0,1969,0,98092,47.317,-122.182,980,3154
7853220210,"20140922T000000",563500,4,2.5,2780,7838,2,0,3,3,9,2780,0,2004,0,98065,47.5312,-121.861,3160,7848
1370801565,"20141030T000000",1100000,4,2.5,2910,8881,2,0,1,3,10,1940,970,1932,0,98199,47.6424,-122.411,2540,5250
6046400465,"20141028T000000",397500,3,1,1480,5100,1.5,0,0,3,7,1480,0,1938,1959,98103,47.6915,-122.348,1300,5100
6649250410,"20150204T000000",317000,4,2.5,2160,8049,2,0,0,3,9,2160,0,1988,0,98001,47.3337,-122.26,2490,8995
5406500170,"20141024T000000",645000,4,2.5,2780,4200,2,0,0,3,8,2780,0,2001,0,98075,47.5989,-122.039,2510,4200
1862400518,"20150304T000000",385000,3,2,1320,1297,3,0,0,3,7,1320,0,1995,0,98117,47.6959,-122.376,1380,1503
4326000220,"20141020T000000",321000,3,1,1290,9526,1.5,0,0,3,7,1290,0,1961,0,98034,47.7111,-122.213,1290,9508
2212200100,"20150422T000000",344900,4,2.5,2150,7670,1,0,0,5,7,1240,910,1976,0,98031,47.3942,-122.189,1610,7350
3992700335,"20140707T000000",382500,2,1,1190,4440,1,0,0,3,6,1190,0,1981,0,98125,47.7135,-122.287,1060,5715
3224600340,"20141013T000000",695000,4,2.5,2790,6540,2,0,0,3,9,2790,0,1999,0,98074,47.6087,-122.016,2790,6270
2025049025,"20150325T000000",8e+05,4,2,2450,4400,1,0,0,3,7,1450,1000,1913,1980,98102,47.6414,-122.327,1890,1386
6064800730,"20150129T000000",330950,3,2.5,1630,2844,2,0,0,3,7,1630,0,2003,0,98118,47.5413,-122.288,1610,2582
425000065,"20141021T000000",180000,2,1,1150,5695,1,0,0,4,6,1150,0,1958,0,98056,47.4989,-122.171,1150,5695
4346300010,"20140618T000000",545500,3,2.5,1560,9361,1.5,0,0,4,7,1360,200,1936,0,98108,47.5591,-122.295,1670,6244
2787460720,"20150227T000000",2e+05,3,2,1010,7896,1,0,0,3,7,1010,0,1984,0,98031,47.4046,-122.181,1540,7896
3013300510,"20150506T000000",389950,2,1,820,4234,1,0,1,3,6,820,0,1951,0,98136,47.5294,-122.386,1550,4236
7625703800,"20150424T000000",560000,3,2,1300,6000,1,0,0,5,7,1300,0,1943,0,98136,47.5482,-122.392,1230,6000
1959701745,"20141107T000000",1675000,6,2.25,4910,6600,2.5,0,0,5,10,3580,1330,1910,0,98102,47.6458,-122.32,3280,5500
2610100020,"20150408T000000",290000,4,1,1010,7200,1.5,0,0,3,6,1010,0,1947,0,98155,47.742,-122.325,1360,7200
2953000090,"20141202T000000",244900,3,1.5,1360,9980,1,0,0,4,7,1360,0,1966,0,98031,47.4143,-122.206,1360,9750
952004725,"20141106T000000",280000,2,1,880,5750,1,0,0,3,6,880,0,1939,0,98126,47.5642,-122.379,1190,5750
243000335,"20140929T000000",305000,4,1,1560,8450,1.5,0,0,4,6,1560,0,1954,0,98166,47.4552,-122.354,1380,8100
3629830050,"20141001T000000",620000,4,4,2850,2970,2,0,0,3,8,2120,730,1999,0,98029,47.547,-122.01,2380,3559
1400300055,"20150428T000000",425000,2,1,770,5040,1,0,0,3,5,770,0,1930,0,98144,47.5964,-122.299,1330,2580
8018600655,"20150326T000000",280000,4,3,2460,9606,1,0,0,3,8,2460,0,2012,0,98168,47.4889,-122.317,1730,7500
4337600280,"20140904T000000",229000,3,2,1760,9900,1,0,0,4,7,1760,0,1943,0,98166,47.4783,-122.338,1190,9900
6383000690,"20150325T000000",587100,3,2.25,1670,6414,1,0,0,4,8,1670,0,1961,0,98117,47.6921,-122.386,2130,7035
9406450090,"20150408T000000",293000,4,2.25,2360,6260,2,0,0,3,7,2360,0,1998,0,98038,47.3882,-122.053,2144,6773
2591010290,"20140519T000000",285000,1,1.5,810,3211,2,0,0,4,7,810,0,1982,0,98033,47.6939,-122.184,1320,3298
3332000615,"20141020T000000",310000,3,1,1330,3740,1.5,0,0,3,6,1330,0,1903,0,98118,47.5502,-122.274,1330,5053
1509500080,"20150317T000000",389950,3,2.5,2170,8140,2,0,0,3,9,2170,0,1994,0,98030,47.385,-122.169,2390,8100
1765100025,"20150202T000000",253000,3,2.25,1440,9806,1,0,0,3,7,1440,0,1965,0,98030,47.3857,-122.212,1590,9782
6021501535,"20141223T000000",7e+05,3,1.5,1580,5000,1,0,0,3,8,1290,290,1939,0,98117,47.687,-122.386,1570,4500
3630200340,"20141001T000000",1258000,4,3.25,4360,6000,2,0,3,3,11,3400,960,2007,0,98027,47.5408,-121.994,4310,6000
8732040580,"20141218T000000",249000,3,2.5,1850,7200,1,0,0,3,7,1500,350,1979,0,98023,47.3063,-122.384,2140,7500
3432501315,"20140827T000000",277000,3,1,1140,8144,1,0,0,3,7,1140,0,1956,0,98155,47.7464,-122.317,1150,8144
7972601030,"20150420T000000",426000,3,1.5,1380,7200,1,0,0,3,7,1080,300,1948,0,98106,47.5292,-122.348,1220,7200
1250200285,"20150317T000000",261500,3,1,1130,3600,1,0,0,3,6,1130,0,1908,0,98144,47.5978,-122.299,1710,2231
6788200800,"20150507T000000",1185000,4,2.75,2850,3000,2.5,0,0,3,9,2530,320,2003,0,98112,47.6406,-122.304,2083,4500
1732800184,"20140508T000000",499000,2,1.5,1110,957,2,0,0,3,8,930,180,2005,0,98119,47.6319,-122.362,1680,1104
7518507685,"20150223T000000",4e+05,3,1,1100,5100,2,0,0,4,7,1100,0,1900,0,98117,47.679,-122.386,1540,5100
2769602840,"20141016T000000",450000,3,1,1360,3737,1.5,0,0,4,6,1360,0,1910,0,98107,47.6751,-122.362,1820,4500
2473381090,"20150325T000000",270000,3,2.25,2390,7000,1,0,0,4,7,1990,400,1970,0,98058,47.4568,-122.169,1610,7000
1781500220,"20150131T000000",690000,3,2.5,2590,4961,2,0,0,3,9,2590,0,1944,2007,98126,47.5271,-122.381,1230,4961
8562710520,"20140505T000000",890000,5,3.5,4490,6000,2,0,0,3,10,3200,1290,2006,0,98027,47.5396,-122.073,4530,6000
91000135,"20150507T000000",750000,4,1.5,2060,4000,1.5,0,2,3,7,1580,480,1920,1990,98103,47.6857,-122.353,1160,4000
8078550250,"20141229T000000",307000,4,2.75,2520,6964,1,0,0,4,7,1260,1260,1987,0,98031,47.4038,-122.175,1930,6949
3856904740,"20141021T000000",490000,2,1,950,3060,1,0,0,3,6,810,140,1925,0,98105,47.6698,-122.323,1510,3780
3300701185,"20140925T000000",5e+05,2,1,1510,4000,1,0,0,3,6,930,580,1924,0,98117,47.6917,-122.38,1300,4000
9521101015,"20140626T000000",725000,6,3,3110,5000,1.5,0,0,5,7,1810,1300,1921,0,98103,47.6631,-122.348,1600,4000
6370000005,"20140827T000000",495500,3,1.75,2130,6360,1,0,0,3,7,1720,410,1959,0,98125,47.7059,-122.301,1540,6361
7010700905,"20140611T000000",476000,3,1,1140,5500,1.5,0,0,4,6,1140,0,1908,0,98199,47.6606,-122.395,1690,4400
579000096,"20141010T000000",780000,3,1.5,1620,7500,1,0,2,4,8,1620,0,1949,0,98117,47.7014,-122.381,2440,7800
5088500210,"20150112T000000",415000,4,2.75,2390,9968,1,0,0,4,9,1390,1000,1989,0,98038,47.3706,-122.056,2560,12385
7625702437,"20150115T000000",389000,3,2.5,1350,874,3,0,0,3,8,1270,80,2006,0,98136,47.5491,-122.387,1350,886
4168100020,"20141204T000000",209950,3,1,1660,8800,1,0,0,4,7,960,700,1963,0,98023,47.3212,-122.352,1370,10112
9557200090,"20141112T000000",399000,3,1,990,4250,1,0,0,4,7,840,150,1924,0,98136,47.5392,-122.39,990,4500
11200070,"20140721T000000",570000,3,2.5,1530,3296,2,0,0,3,8,1530,0,1998,0,98007,47.6181,-122.138,1530,4099
2787320430,"20140618T000000",264000,4,1.75,1820,8118,1,0,0,4,7,1080,740,1980,0,98031,47.4104,-122.172,1810,8050
2291401425,"20140910T000000",485000,5,2,1910,5508,1,0,0,3,7,1020,890,1968,0,98133,47.7074,-122.349,1030,7440
3546000090,"20150224T000000",199500,3,1.75,1690,8901,1,0,0,3,7,1690,0,1986,0,98030,47.3546,-122.176,1690,7532
3902100175,"20140728T000000",850000,5,3,3900,5250,1.5,0,1,5,8,2620,1280,1931,0,98116,47.5577,-122.389,1950,5700
6371000148,"20141125T000000",439108,2,1.5,1130,1340,2,0,0,3,8,910,220,2008,0,98116,47.5761,-122.41,1310,1340
3918400017,"20150205T000000",380000,0,0,1470,979,3,0,2,3,8,1470,0,2006,0,98133,47.7145,-122.356,1470,1399
1703900005,"20150501T000000",465000,3,1,1210,4872,1,0,0,4,6,1210,0,1949,0,98118,47.5551,-122.273,1070,4872
3271800185,"20141121T000000",880000,4,1.75,2510,5800,1,0,2,4,9,1830,680,1953,0,98199,47.648,-122.41,2190,5800
6332940020,"20140826T000000",344000,5,2,2130,8412,1,0,0,3,7,1440,690,1946,2000,98155,47.7403,-122.318,2310,7474
2872100445,"20140624T000000",615000,2,1,1270,5000,1,0,0,3,8,1090,180,1949,0,98117,47.6828,-122.393,1640,5000
6141600179,"20141112T000000",376000,3,2.25,1470,9140,2,0,2,3,7,1470,0,1982,0,98133,47.7162,-122.349,1400,8204
5466350160,"20150121T000000",205000,3,2.5,1600,7295,2,0,0,2,7,1600,0,1993,0,98042,47.3904,-122.165,1410,9000
2675600025,"20150327T000000",603500,3,1.75,2140,7280,1,0,0,3,7,1070,1070,1910,0,98117,47.6993,-122.377,2280,8400
1089700010,"20141008T000000",540000,4,2.5,2329,9436,2,0,0,3,9,2329,0,1995,0,98011,47.7366,-122.204,2660,10252
8078460520,"20140923T000000",608000,4,2.5,2410,7140,2,0,0,3,8,2410,0,1993,0,98074,47.6329,-122.021,2350,7140
418000145,"20150428T000000",213800,2,1,740,5200,1,0,0,4,5,740,0,1952,0,98056,47.4934,-122.173,750,5200
751000020,"20140626T000000",290000,2,1,930,7740,1,0,0,3,6,930,0,1924,0,98125,47.7091,-122.292,1250,7740
7935000125,"20140605T000000",440000,3,1,1050,7500,1,0,0,3,6,1050,0,1900,0,98136,47.5473,-122.396,1380,7500
5416510710,"20140505T000000",309950,4,2.75,2310,5000,2,0,0,3,7,2310,0,2006,0,98038,47.3614,-122.035,1980,5000
8651410330,"20150306T000000",215150,3,1,920,4770,1,0,0,4,6,920,0,1969,0,98042,47.3654,-122.082,920,4770
7852120120,"20140620T000000",725000,3,3.5,3690,8837,2,0,0,3,10,3690,0,2001,0,98065,47.5402,-121.876,3690,9585
9268700040,"20150226T000000",215000,3,2,1470,2052,1.5,0,0,3,7,1470,0,1986,0,98003,47.3084,-122.331,1390,2052
7140600020,"20150414T000000",245000,3,1,990,9599,1,0,0,4,6,990,0,1959,0,98002,47.2934,-122.215,1216,10364
2796100640,"20150424T000000",264900,4,2.5,2040,7000,1,0,0,3,7,1250,790,1979,0,98031,47.4056,-122.176,1900,7378
7228500560,"20150320T000000",410000,4,1,1970,4740,1.5,0,0,3,7,1670,300,1904,2005,98122,47.6136,-122.303,1510,4740
6381500450,"20141104T000000",380950,2,1,1430,7819,1,0,0,3,7,1110,320,1944,0,98125,47.7307,-122.302,1380,7473
8732030490,"20141222T000000",261500,4,2.5,2460,7800,1,0,0,3,8,1500,960,1977,0,98023,47.3081,-122.384,2210,7800
1724069079,"20150319T000000",1452000,2,3.25,2070,3128,2,1,3,3,9,1760,310,1988,0,98075,47.5686,-122.06,2740,3568
3278611450,"20150326T000000",496800,4,2.25,1850,2340,2.5,0,0,3,8,1850,0,2014,0,98126,47.543,-122.372,1850,2340
1115400090,"20140821T000000",610000,3,2.5,2060,8893,2,0,0,3,8,2060,0,1987,0,98006,47.5615,-122.165,2650,8500
7974200776,"20141205T000000",625000,4,2.75,2140,4000,1,0,0,3,7,1190,950,1951,0,98115,47.6792,-122.287,2140,4770
5045700330,"20140725T000000",460000,4,2.5,2200,6400,2,0,0,3,8,2200,0,2010,0,98059,47.4856,-122.156,2600,5870
7983000200,"20141005T000000",169575,3,1,1300,8284,1,0,0,3,7,1300,0,1968,0,98003,47.3327,-122.306,1360,7848
3448740070,"20140616T000000",429000,5,2.5,2340,4500,2,0,0,3,7,2340,0,2009,0,98059,47.4911,-122.154,2190,4500
5445300050,"20150408T000000",672000,3,2.25,1130,4445,1.5,0,0,4,8,1130,0,1930,0,98117,47.6845,-122.375,1330,4445
7732300390,"20140523T000000",735000,3,2.5,2390,9157,2,0,0,3,9,2390,0,1984,0,98052,47.6617,-122.15,2360,8250
3126049107,"20150503T000000",577500,2,1,1640,5515,1,0,0,4,7,940,700,1926,0,98103,47.6912,-122.334,2054,5515
6071400360,"20140908T000000",550000,4,2.5,2120,9163,1,0,0,4,8,1450,670,1961,0,98006,47.5551,-122.172,2120,9166
8651611260,"20150317T000000",858450,3,4.25,3840,9751,2,0,0,3,10,3840,0,1998,0,98074,47.6347,-122.064,3230,7189
1219000043,"20140509T000000",315000,5,1.75,2320,8100,1,0,0,4,7,1160,1160,1956,0,98166,47.4631,-122.341,1410,7271
3186600515,"20150122T000000",781000,3,2.5,2070,4463,1.5,0,0,5,8,1780,290,1931,0,98115,47.6853,-122.305,2070,5000
9542840120,"20140702T000000",274500,3,2.25,1450,4050,2,0,0,3,7,1450,0,2010,0,98038,47.367,-122.019,1660,3800
7338000150,"20150129T000000",160000,2,1,1070,4200,1,0,0,4,6,1070,0,1983,0,98002,47.3336,-122.215,1150,4200
2450500110,"20140508T000000",780000,4,1.75,2480,9195,1,0,0,3,7,1390,1090,1950,0,98004,47.584,-122.195,2440,9195
5547500070,"20140724T000000",216000,3,1.75,1580,9705,1,0,0,4,7,1580,0,1977,0,98042,47.3819,-122.09,1580,9942
1176001123,"20150206T000000",599950,3,2.5,1510,1493,3,0,0,3,8,1510,0,2014,0,98107,47.669,-122.402,1530,1357
809001970,"20141231T000000",931000,3,2.5,2460,6600,1.5,0,0,4,8,1560,900,1929,0,98109,47.6364,-122.351,2090,3400
2896400300,"20150319T000000",435000,4,2.25,1780,2684,2,0,0,3,7,1780,0,2002,0,98072,47.7642,-122.149,1670,2426
8651411460,"20150106T000000",214000,3,1.5,1240,5200,1,0,0,5,6,1240,0,1970,0,98042,47.3683,-122.079,1060,5200
2919200440,"20150407T000000",715000,4,2.5,1860,3840,1.5,0,0,3,7,1170,690,1928,2014,98117,47.6886,-122.359,1400,3840
1972200660,"20150415T000000",465000,2,1.5,1120,1201,3,0,0,3,8,1120,0,1999,0,98103,47.6524,-122.353,1370,1298
1311900240,"20141230T000000",226500,3,2,1560,7000,1,0,0,4,7,1560,0,1968,0,98001,47.3355,-122.284,1560,7200
3185600040,"20141224T000000",310000,2,1,1400,4500,1,0,0,3,7,900,500,1922,0,98055,47.4866,-122.219,1400,5500
179003055,"20141113T000000",210000,3,1,1200,7500,1,0,0,3,6,1200,0,1905,1989,98178,47.4921,-122.275,1010,7000
1338801019,"20140701T000000",1198000,4,3.5,3400,3850,2.5,0,0,3,10,2790,610,2008,0,98112,47.6258,-122.302,2030,4000
9235900030,"20140717T000000",245000,2,1,860,6120,1,0,0,3,7,860,0,1948,0,98155,47.7503,-122.328,1100,6860
5101408593,"20140711T000000",534950,5,1.5,2240,6337,1,0,0,3,8,1280,960,1956,0,98125,47.7046,-122.316,1870,6380
6154900065,"20141030T000000",490000,2,1,2180,9300,1,0,0,4,7,1090,1090,1947,0,98177,47.7032,-122.371,1830,7378
8651430370,"20150425T000000",150000,3,1,1240,5200,1,0,0,3,6,1240,0,1969,0,98042,47.3701,-122.079,870,5200
7855000460,"20141007T000000",1450000,3,2.75,3940,9671,1,0,4,5,9,2140,1800,1967,0,98006,47.5654,-122.158,3390,9360
3336500140,"20140919T000000",208800,3,2.5,1390,2450,2,0,0,3,7,1390,0,2009,0,98118,47.5298,-122.269,1390,2450
7852020760,"20141101T000000",399000,3,2.5,1740,3690,2,0,0,3,8,1740,0,2000,0,98065,47.5345,-121.867,2100,4944
1545807610,"20150429T000000",270500,3,2.5,1780,7848,1,0,0,3,7,1320,460,1978,0,98038,47.3608,-122.056,1680,7848
5636010560,"20140929T000000",314500,4,2.5,2390,9600,2,0,0,3,7,2390,0,1996,0,98010,47.3289,-122.001,1900,9603
339600290,"20150406T000000",379950,3,2,1080,5077,1,0,0,3,7,1080,0,1985,0,98052,47.6836,-122.095,1070,3471
3438501320,"20140502T000000",295000,2,2.5,1630,1368,2,0,0,3,7,1280,350,2009,0,98106,47.5489,-122.363,1590,2306
326049103,"20140922T000000",470000,4,2.5,2470,8536,2,0,0,3,8,2470,0,2002,0,98155,47.7699,-122.292,1690,8840
7518504291,"20141215T000000",535000,2,1,1520,3360,1,0,0,4,7,830,690,1927,0,98117,47.6815,-122.382,1470,3774
9297300740,"20141118T000000",643500,6,5.25,3600,3960,2,0,0,3,7,2400,1200,1971,0,98126,47.5656,-122.372,1450,4600
7202340010,"20150224T000000",671300,4,2.5,3280,5232,2,0,0,3,7,3280,0,2004,0,98053,47.6798,-122.033,2600,5080
7203101290,"20141020T000000",394000,3,2.5,1680,4075,2,0,0,3,7,1680,0,2008,0,98053,47.6964,-122.024,1710,4075
9822700285,"20140918T000000",657500,4,1.5,1910,5000,1.5,0,0,3,7,1610,300,1912,0,98105,47.6597,-122.29,2170,5000
2228900161,"20141008T000000",499950,3,2.25,2880,7200,1,0,0,3,8,1710,1170,1970,0,98133,47.7707,-122.35,1880,10200
1105000373,"20150506T000000",252500,2,1.5,1110,986,2,0,0,3,7,950,160,2009,0,98118,47.5427,-122.272,1110,3515
4305600250,"20141027T000000",540000,4,2.5,3000,5471,2,0,0,3,8,3000,0,2013,0,98059,47.4797,-122.126,2730,5471
7857000716,"20150313T000000",334998,2,1,1800,5182,1,0,0,3,6,900,900,1942,0,98108,47.5508,-122.3,1570,5876
9358001732,"20150428T000000",4e+05,3,2.5,1390,2815,2,0,0,3,8,1390,0,1999,0,98126,47.566,-122.366,1390,3700
7840800135,"20141119T000000",290000,1,2,1240,4800,2,0,0,3,6,1240,0,1910,0,98055,47.4778,-122.211,1030,4800
3031200246,"20140711T000000",250000,3,1,920,4429,1,0,0,3,7,920,0,1952,0,98118,47.5369,-122.291,1320,7860
8024200684,"20141125T000000",419500,3,1.5,1400,1091,3,0,0,3,8,1400,0,2007,0,98115,47.6989,-122.317,1270,1413
5127001320,"20141125T000000",190000,3,1.75,1520,9600,1,0,0,4,7,1520,0,1967,0,98059,47.473,-122.149,1590,10183
7977200720,"20150427T000000",5e+05,3,1.75,1480,6120,1.5,0,0,3,7,1480,0,1946,0,98115,47.6858,-122.295,1480,6120
6204410330,"20141020T000000",432000,4,1.75,2410,8400,1,0,0,3,7,1600,810,1978,0,98011,47.7341,-122.2,1850,8400
2158900290,"20150416T000000",920000,4,1.5,1850,3600,2,0,0,3,8,1660,190,1929,0,98112,47.6376,-122.307,1970,3600
2331300415,"20140620T000000",780000,3,2.25,2140,3000,2,0,0,3,9,2140,0,1905,2006,98103,47.6767,-122.351,1430,4712
985000900,"20141105T000000",198500,3,1.75,1520,7137,1,0,0,3,5,1520,0,1932,0,98168,47.4924,-122.311,1240,8602
9285800755,"20140714T000000",515000,3,2.5,1540,6100,1,0,0,3,6,770,770,1944,2014,98126,47.5696,-122.378,1710,5950
3885805640,"20140704T000000",625000,3,1.5,1300,7200,1,0,0,5,7,1300,0,1960,0,98033,47.6821,-122.196,2280,7200
3821700038,"20141001T000000",305000,3,3,1290,1112,3,0,0,3,7,1290,0,2008,0,98125,47.7282,-122.296,1230,9000
2064800890,"20150415T000000",422500,3,1,1270,8920,1,0,0,5,7,1270,0,1969,0,98056,47.534,-122.172,1590,8589
643500060,"20150424T000000",620000,4,2,1770,7700,1.5,0,0,4,7,1770,0,1962,0,98007,47.5916,-122.146,1710,7700
795000620,"20150311T000000",157000,3,1,1080,6250,1,0,0,2,5,1080,0,1950,0,98168,47.5045,-122.33,1070,6250
325059286,"20140513T000000",819900,5,2.75,3150,7119,2,0,0,3,9,3150,0,2013,0,98052,47.6759,-122.151,1560,8384
5710500060,"20150319T000000",688888,3,3.25,2580,9825,1.5,0,1,4,9,1760,820,1978,0,98027,47.5314,-122.054,2140,10270
1865800250,"20141204T000000",147500,3,1.75,1010,6552,1,0,0,3,7,1010,0,1969,0,98042,47.375,-122.117,1010,6552
8024201370,"20141208T000000",4e+05,2,1,880,5111,1,0,0,3,6,880,0,1931,0,98115,47.6997,-122.314,1370,5111
7338000730,"20140728T000000",167000,3,1.5,1280,5547,2,0,0,4,6,1280,0,1985,0,98002,47.3344,-122.215,1150,4500
1657310170,"20140723T000000",302000,3,2.5,2140,9492,2,0,0,3,8,2140,0,1994,0,98092,47.3289,-122.204,2180,9184
9455200205,"20140604T000000",525000,3,2,1540,7800,1,0,0,3,8,1540,0,2004,0,98125,47.7041,-122.288,1510,7800
2776600002,"20150422T000000",520000,2,1,1120,6141,1,0,0,3,7,900,220,1946,0,98117,47.6924,-122.372,1500,7529
7460000040,"20141215T000000",292000,3,1.75,2270,7156,1,0,0,3,7,1370,900,1948,0,98168,47.4864,-122.316,1210,7156
1931300308,"20140520T000000",5e+05,3,2.5,1210,1200,3,0,0,3,8,1210,0,2008,0,98103,47.6543,-122.345,1210,1200
1898600050,"20140722T000000",257500,4,1.5,1360,9323,1,0,0,4,7,1360,0,1968,0,98023,47.3168,-122.401,1180,9611
9126100814,"20141008T000000",515000,3,2,1560,1020,3,0,0,3,8,1560,0,2014,0,98122,47.605,-122.304,1560,1728
4319200675,"20140709T000000",760000,4,2.25,3300,8365,3,0,0,3,9,3300,0,2014,0,98126,47.5363,-122.377,1290,8369
1868900775,"20140505T000000",618500,3,2,1800,5000,1,0,0,4,7,1080,720,1942,0,98115,47.6738,-122.297,1800,5000
1070000110,"20141218T000000",1035290,4,2.5,2830,5932,2,0,0,3,9,2830,0,2014,0,98199,47.6479,-122.408,2840,5593
3629990180,"20140805T000000",535000,4,2.25,1890,3615,2,0,0,3,7,1890,0,2005,0,98029,47.5493,-121.999,1630,3280
3211101010,"20150211T000000",319500,3,1,1190,8450,1,0,0,5,6,1190,0,1961,0,98059,47.4807,-122.157,1660,8450
1328300990,"20140805T000000",317000,3,1.75,1530,7650,1,0,0,4,8,1530,0,1977,0,98058,47.4435,-122.128,1850,6804
4389201095,"20150511T000000",3650000,5,3.75,5020,8694,2,0,1,3,12,3970,1050,2007,0,98004,47.6146,-122.213,4190,11275
3353401710,"20140923T000000",227950,3,1.5,1670,8230,1,0,0,5,7,1670,0,1954,0,98001,47.2613,-122.255,2077,4910
1238501099,"20141031T000000",470000,3,1.75,1310,8600,1,0,0,4,7,1310,0,1987,0,98033,47.686,-122.185,2510,8515
3343301393,"20150330T000000",789888,5,3.5,3300,7860,2,0,0,3,9,2410,890,2001,0,98006,47.5463,-122.192,2540,9920
2202500080,"20140630T000000",248000,3,1,950,9400,1,0,0,4,7,950,0,1954,0,98006,47.5746,-122.136,1260,9400
7171200445,"20150228T000000",550700,2,1,1010,5000,1.5,0,0,4,6,1010,0,1908,0,98105,47.6692,-122.297,1460,5000
6632300567,"20140730T000000",597000,4,2.5,2340,7877,2,0,0,3,9,2340,0,2004,0,98125,47.73,-122.315,1920,9116
8016200530,"20140718T000000",280000,3,2.5,1580,7000,2,0,0,3,8,1580,0,1992,0,98030,47.3659,-122.17,2110,7062
3524039060,"20140601T000000",250000,1,1,750,4000,1,0,0,3,6,750,0,1918,0,98136,47.5243,-122.39,1770,4850
9558200210,"20150217T000000",290000,3,1,1240,9300,1,0,0,3,7,1240,0,1954,0,98148,47.4363,-122.333,1250,9300
1370800515,"20141030T000000",2950000,4,4.25,4470,5884,2,0,1,3,11,3230,1240,2010,0,98199,47.6387,-122.405,2570,6000
3679400484,"20140918T000000",295500,3,2.5,1410,1332,2,0,0,3,7,960,450,2014,0,98108,47.5683,-122.314,1410,1343
3223059206,"20140627T000000",235000,3,1.75,1950,8712,1,0,0,3,7,1950,0,1960,0,98055,47.4391,-122.189,1820,11520
824059324,"20150325T000000",1450000,4,3.5,3720,8301,2,0,0,3,10,2880,840,2008,0,98004,47.5885,-122.199,2080,9676
3629970090,"20141014T000000",680000,4,2.5,2520,5000,2,0,0,3,9,2520,0,2004,0,98029,47.5524,-121.992,2910,5001
2619920030,"20150318T000000",760000,4,2.5,3220,4031,2,0,0,3,9,3220,0,2002,0,98033,47.688,-122.163,3150,5083
255450030,"20140918T000000",369946,3,2.5,2420,4725,2,0,0,3,8,2420,0,2014,0,98038,47.371,-122.018,2370,4200
4222310410,"20140929T000000",230500,3,2.25,1690,7245,1,0,1,3,7,1160,530,1973,0,98003,47.3505,-122.305,1690,6720
1777600900,"20140710T000000",710000,4,2.5,2870,8995,1,0,0,5,8,1870,1000,1968,0,98006,47.5678,-122.128,2670,9672
7855300460,"20140923T000000",1e+06,3,2.75,2370,8900,1,0,4,4,9,1670,700,1971,0,98006,47.5648,-122.156,2840,8956
3822200036,"20140624T000000",257500,2,2,1180,9265,1,0,0,3,7,1180,0,1940,0,98125,47.7252,-122.297,460,18000
1432701510,"20141021T000000",249000,4,2,1280,7560,1,0,0,5,6,1280,0,1959,0,98058,47.45,-122.175,1250,7690
5029450290,"20141003T000000",230000,3,1.5,1630,6625,1,0,0,5,7,980,650,1980,0,98023,47.29,-122.368,1440,7145
2487700130,"20150406T000000",710000,4,2.5,2720,8000,1,0,0,4,7,1360,1360,1955,0,98136,47.5237,-122.391,1790,8000
2937300440,"20140908T000000",923990,4,2.5,3600,6055,2,0,0,3,9,3600,0,2014,0,98052,47.7053,-122.126,3590,6050
1596600060,"20150501T000000",250000,1,1,660,2600,1,0,0,3,6,660,0,1919,0,98144,47.5723,-122.304,1560,5445
7138200150,"20140518T000000",297000,5,2.5,1970,8605,2,0,0,4,7,1970,0,1994,0,98022,47.1944,-122.013,1970,8460
726059485,"20141117T000000",496000,3,2.5,2180,4533,2,0,0,3,7,2180,0,2010,0,98011,47.754,-122.215,2180,7347
2131701410,"20150427T000000",299950,3,2.25,1370,5000,2,0,0,3,7,1370,0,1990,0,98019,47.7372,-121.981,1600,7724
1564000740,"20140820T000000",760000,4,2.5,4660,7157,2,0,0,3,9,3020,1640,2003,0,98059,47.5352,-122.156,3300,7047
421000455,"20150502T000000",253200,3,1,1360,5840,1,0,0,4,5,1360,0,1953,0,98056,47.4945,-122.166,1250,6708
7853370020,"20141014T000000",591975,3,2.75,3230,5250,2,0,0,3,9,2680,550,2014,0,98065,47.5196,-121.878,2710,5250
5557700210,"20141209T000000",192500,3,1,1100,9750,1,0,0,4,7,1100,0,1966,0,98023,47.3248,-122.345,1190,9750
2023049361,"20150323T000000",246500,2,1,940,6000,1,0,0,2,7,940,0,1954,0,98148,47.4631,-122.329,1890,8547
3034200366,"20141203T000000",409000,3,1.75,1440,9065,1,0,0,4,8,1440,0,1972,0,98133,47.7163,-122.333,1990,8812
2768000270,"20140625T000000",562100,2,0.75,1440,3700,1,0,0,3,7,1200,240,1914,0,98107,47.6707,-122.364,1440,4300
9282801450,"20150325T000000",361000,5,2.75,2380,7500,1,0,0,3,7,1300,1080,1984,0,98178,47.5009,-122.235,2400,6000
7831800505,"20150106T000000",2e+05,3,1,1230,4380,1,0,0,3,6,1230,0,1947,0,98106,47.5352,-122.361,1525,6026
2461900609,"20140717T000000",346100,3,2.5,1400,2036,2,0,0,3,7,1400,0,2003,0,98136,47.5516,-122.382,1500,2036
4027700799,"20150226T000000",364000,3,2.25,1420,6600,1,0,0,3,7,1160,260,1987,0,98028,47.77,-122.265,1920,7902
9429400170,"20140625T000000",309620,3,2.5,1860,3730,2,0,0,3,8,1860,0,2012,0,98019,47.7442,-121.984,2110,4509
5364200477,"20140603T000000",718000,3,1,1030,4958,1,0,0,5,7,1030,0,1952,0,98105,47.6647,-122.277,2230,6987
1023059186,"20150126T000000",252000,3,1,1530,9465,1,0,0,4,7,1530,0,1960,0,98059,47.4915,-122.151,1530,9465
6123600100,"20141215T000000",191000,3,1,990,8255,1,0,0,3,7,990,0,1953,0,98148,47.425,-122.331,1180,9750
2190600243,"20141118T000000",210000,3,1.5,1400,9600,1,0,0,4,7,1400,0,1964,0,98003,47.2878,-122.297,2210,15000
3856905185,"20140624T000000",483000,2,1.75,1240,3000,1.5,0,0,3,7,1240,0,1906,0,98105,47.6689,-122.326,1800,4080
8132700150,"20140503T000000",553000,2,1,900,5000,1,0,0,3,7,900,0,1944,0,98117,47.6883,-122.395,1280,5000
7518505990,"20141231T000000",6e+05,3,1.75,1410,4080,1,0,0,4,7,1000,410,1950,0,98117,47.6808,-122.384,1410,4080
5652601035,"20150115T000000",285000,3,1.75,1150,6423,1,0,0,3,5,590,560,1927,0,98115,47.6973,-122.297,1150,8367
217700050,"20141030T000000",395000,3,2.25,1780,9672,1,0,0,3,8,1350,430,1960,0,98133,47.7774,-122.35,1860,10080
475000187,"20150501T000000",452950,3,2.5,1150,1194,2,0,0,3,8,1020,130,2006,0,98107,47.6684,-122.365,1450,1714
8562780200,"20150427T000000",352499,2,2.25,1240,705,2,0,0,3,7,1150,90,2009,0,98027,47.5321,-122.073,1240,750
4321200600,"20150504T000000",510000,4,2,2210,5572,1.5,0,3,3,7,1760,450,1911,0,98126,47.5727,-122.376,1760,4713
6379500640,"20150409T000000",1120000,3,1.5,3000,5750,2,0,0,5,9,2000,1000,1924,0,98116,47.5821,-122.39,1820,5750
2560805440,"20150129T000000",283500,3,1.75,1250,5375,1,0,0,3,7,1250,0,1985,0,98198,47.3787,-122.323,1320,6258
1498302774,"20140520T000000",271310,2,1,870,5340,1.5,0,0,2,6,870,0,1906,0,98144,47.5849,-122.302,1190,4440
8682261070,"20150427T000000",575000,2,2,1680,6194,1,0,0,3,8,1680,0,2004,0,98053,47.7136,-122.03,1900,5850
582000065,"20141125T000000",725000,4,1.75,2700,6000,1,0,0,4,8,1450,1250,1953,0,98199,47.6539,-122.395,2080,6000
6154500070,"20140626T000000",1050000,4,3.5,3450,7832,2,0,0,3,10,3450,0,2007,0,98006,47.5637,-122.123,3220,8567
2485000076,"20150122T000000",1050000,4,3.25,3680,8580,1,0,3,5,10,1840,1840,1959,0,98136,47.5266,-122.387,2700,9100
7714000340,"20140619T000000",360000,4,2.5,2850,4650,2,0,0,3,8,2850,0,2004,0,98038,47.3552,-122.026,2850,4650
7950302345,"20140815T000000",345000,3,1,1010,3060,1.5,0,0,3,6,1010,0,1904,0,98118,47.5657,-122.285,1330,4590
4472000050,"20150309T000000",265000,3,2.5,1890,6088,2,0,0,3,7,1890,0,1996,0,98002,47.2886,-122.218,1700,6600
1438000130,"20140703T000000",519995,4,3,2590,6160,2,0,0,3,8,2590,0,2014,0,98059,47.4784,-122.122,2670,5600
9828200460,"20140627T000000",260000,2,1,700,4800,1,0,0,3,7,700,0,1922,0,98122,47.6147,-122.3,1440,4800
5462100240,"20140625T000000",196500,3,1,1320,9000,1,0,0,3,7,1320,0,1966,0,98001,47.3461,-122.272,1320,9800
5101405265,"20140911T000000",445000,4,2.5,2170,5257,2,0,0,3,7,2170,0,1989,0,98115,47.6999,-122.305,1430,7528
1545802830,"20150309T000000",258500,3,2,1460,7930,1,0,0,3,7,1460,0,1989,0,98038,47.359,-122.049,1630,7930
2005950050,"20140527T000000",260000,3,2,1630,8018,1,0,0,3,7,1630,0,2003,0,98001,47.2638,-122.243,1610,8397
7454001090,"20150309T000000",307000,3,1,770,6552,1,0,0,3,6,670,100,1942,0,98146,47.5133,-122.372,920,7200
5406500480,"20140721T000000",668000,4,2.5,2670,4410,2,0,0,3,8,2670,0,1999,0,98075,47.5978,-122.038,2670,4410
9510970010,"20150429T000000",593567,3,2.5,1770,3205,2,0,0,3,9,1770,0,2005,0,98052,47.6658,-122.084,2120,4134
7852010950,"20141020T000000",543500,4,2.5,2550,5835,2,0,0,3,8,2550,0,1998,0,98065,47.5373,-121.87,2420,5817
3300790670,"20140620T000000",280000,3,2,1470,8089,1,0,0,3,7,1470,0,1987,0,98198,47.3878,-122.316,1530,7721
5126900321,"20140529T000000",295000,4,2.5,2290,4539,2,0,0,3,7,2290,0,2001,0,98058,47.4753,-122.172,1710,7200
3288301330,"20150408T000000",475000,3,1.75,1890,7560,1,0,0,3,8,1430,460,1973,0,98034,47.7322,-122.185,1890,9095
3879901295,"20141110T000000",1240000,3,2.5,2660,1973,3,0,3,3,9,1870,790,2007,0,98119,47.6264,-122.364,1640,1369
2867700035,"20150212T000000",5e+05,5,2,2300,7897,2.5,0,0,4,8,2300,0,1956,0,98133,47.7556,-122.356,2030,7902
1370801440,"20150325T000000",1400000,4,2.5,3520,7815,2,0,3,3,10,3140,380,1929,0,98199,47.6429,-122.412,2790,6644
7625702444,"20140510T000000",394950,3,2.5,1350,1250,3,0,0,3,8,1270,80,2006,0,98136,47.5491,-122.387,1350,886
5021900945,"20140703T000000",850000,3,2,2470,8800,2,0,0,3,9,2470,0,1961,2004,98040,47.5753,-122.222,2340,10980
3834000400,"20141119T000000",415000,3,1,1630,8146,1,0,0,3,7,1630,0,1952,0,98125,47.7293,-122.29,1480,8146
1085623740,"20140812T000000",491000,5,3.5,2815,4900,2,0,0,3,9,2815,0,2011,0,98030,47.3424,-122.179,2798,4900
9169600043,"20150424T000000",765000,3,1.75,2190,6450,1,0,0,3,8,1480,710,1957,0,98136,47.5284,-122.391,2190,6450
2710600045,"20140616T000000",460000,3,1.75,1550,4708,1,0,0,4,7,860,690,1949,0,98115,47.6759,-122.286,1880,5600
1736800520,"20150403T000000",662500,3,2.5,3560,9796,1,0,0,3,8,1860,1700,1965,0,98007,47.6007,-122.145,2210,8925
4443800960,"20150408T000000",520000,3,1.75,1280,3880,1.5,0,0,5,7,1280,0,1916,0,98117,47.6871,-122.391,980,3880
7853270940,"20140905T000000",389000,3,2.5,1720,4515,2,0,0,3,7,1720,0,2005,0,98065,47.5426,-121.879,2220,4618
6918700370,"20141027T000000",610000,4,2.25,1660,7350,1,0,0,3,8,1660,0,1965,2014,98008,47.6263,-122.124,1790,7455
7568700215,"20150312T000000",399500,4,1.5,1660,6617,1,0,0,5,7,1660,0,1947,0,98155,47.739,-122.323,950,7440
9550200155,"20150407T000000",887200,3,1,1400,5100,1.5,0,0,3,7,1400,0,1900,0,98103,47.6677,-122.333,1740,3060
4140090110,"20140912T000000",512500,4,2.25,2200,6900,2,0,0,4,8,2200,0,1975,0,98028,47.7682,-122.261,2400,6900
2211300260,"20150313T000000",367000,3,2.5,2828,4050,2,0,0,3,8,2828,0,2013,0,98030,47.382,-122.197,2513,4507
871001085,"20150129T000000",652000,3,1,1470,6122,1,0,0,3,8,1200,270,1948,0,98199,47.6517,-122.406,2200,6122
4388000120,"20150423T000000",289950,4,2.25,2190,6906,1,0,0,4,7,1040,1150,1977,0,98023,47.319,-122.373,1250,6440
11300120,"20140630T000000",635000,3,2.5,3350,4007,2,0,0,3,8,2550,800,2005,0,98034,47.7277,-122.207,2340,4167
5366200330,"20150114T000000",470000,4,2,1500,3659,1,0,0,3,7,830,670,1906,0,98122,47.6088,-122.293,1560,3706
9183700845,"20141218T000000",175000,2,1,800,7150,1,0,0,3,5,800,0,1933,0,98030,47.3788,-122.224,1220,8019
3619600132,"20140915T000000",635000,3,1.75,2940,6000,1,0,2,4,8,1590,1350,1957,0,98177,47.7235,-122.369,2880,8100
2432000110,"20140507T000000",758000,4,2.75,2410,9549,1,0,0,4,7,1780,630,1956,0,98033,47.6503,-122.197,2090,9549
8029600400,"20150213T000000",383150,3,2,2210,6387,1,0,0,3,8,2210,0,2003,0,98003,47.265,-122.302,2570,6497
291310370,"20140829T000000",366000,3,2.25,1445,1028,2,0,0,3,7,1300,145,2005,0,98027,47.5339,-122.067,1445,1377
5702380770,"20150428T000000",280000,4,2.25,1600,7916,2,0,0,3,7,1600,0,1991,0,98022,47.194,-121.981,1540,7242
7224000315,"20140723T000000",256000,3,1,880,5375,1,0,0,4,5,880,0,1924,0,98055,47.4858,-122.202,980,4838
2214800270,"20140925T000000",355000,4,2.5,2770,7000,1,0,0,4,7,1940,830,1979,0,98001,47.3396,-122.256,2140,7684
8805900080,"20150430T000000",750000,3,2,1840,2825,1,0,0,3,7,1040,800,1920,0,98112,47.6428,-122.302,1820,3750
3832710840,"20140602T000000",250000,4,2,1850,7560,1,0,0,4,7,1540,310,1978,0,98032,47.3666,-122.277,1620,7658
5202500030,"20150401T000000",514000,3,1.5,1610,9964,1,0,0,3,7,1080,530,1977,0,98052,47.6681,-122.143,1610,9964
9265880040,"20140509T000000",557000,4,2.5,2840,4500,2,0,0,3,8,2840,0,2012,0,98028,47.7678,-122.237,2840,4939
5589300361,"20140902T000000",270000,3,1.5,1610,8375,2,0,0,3,7,1610,0,1927,0,98155,47.7527,-122.306,1610,9107
9276200220,"20140717T000000",375000,1,1,720,3166,1,0,0,3,6,720,0,1920,0,98116,47.5811,-122.389,1140,6250
2926059146,"20141215T000000",748000,4,2.5,3220,8379,2,0,0,3,10,3220,0,2004,0,98034,47.7043,-122.192,2720,7635
8043700300,"20140608T000000",2700000,4,3.25,4420,7850,2,1,4,3,11,3150,1270,2001,0,98008,47.572,-122.102,2760,8525
7129300935,"20141105T000000",415000,3,1.75,2380,5650,1,0,2,4,8,1190,1190,1956,0,98118,47.5119,-122.255,2350,6554
7915100490,"20140812T000000",589000,4,1.75,1920,4862,1,0,0,5,7,1060,860,1919,0,98116,47.5747,-122.384,1840,4862
2619950060,"20140909T000000",465000,5,4,3210,7200,2,0,0,3,8,2410,800,2011,0,98019,47.7329,-121.966,2750,7200
1402620120,"20150512T000000",440000,4,2.5,2410,7517,2,0,0,3,8,2410,0,1983,0,98058,47.4388,-122.142,2420,8095
1455600045,"20140915T000000",687500,3,1.75,2450,9377,1,0,2,4,8,1540,910,1962,0,98125,47.7296,-122.284,2520,9725
8029510010,"20141030T000000",299250,3,2.5,2530,8669,2,0,0,3,9,2530,0,1990,0,98023,47.3073,-122.395,2530,9469
4345300050,"20140617T000000",294999,4,2.5,1660,9760,2,0,0,3,7,1660,0,1994,0,98030,47.3635,-122.188,1580,9614
3816300095,"20140514T000000",310000,3,1,1050,9876,1,0,0,3,7,1050,0,1953,0,98028,47.7635,-122.262,1760,9403
8956200070,"20140905T000000",447500,4,2.5,2425,9017,2,0,0,3,9,2425,0,2013,0,98001,47.3003,-122.263,2725,7019
3905081530,"20141007T000000",571500,4,2.75,2180,5799,2,0,0,4,8,2180,0,1993,0,98029,47.5702,-121.995,2060,6061
4167300350,"20140508T000000",258000,4,1.75,1730,8320,1,0,0,3,7,1230,500,1977,0,98023,47.327,-122.361,1840,9800
7137900320,"20140509T000000",224500,4,1,1430,8355,1.5,0,0,4,7,1430,0,1983,0,98092,47.3178,-122.174,1550,7938
2599700040,"20141230T000000",160000,4,1,1540,7350,1,0,0,4,6,770,770,1969,0,98023,47.3318,-122.34,910,8000
3340401570,"20140703T000000",312500,3,1.75,1830,7969,1,0,0,3,7,930,900,1950,2008,98055,47.4667,-122.214,1790,7425
7305300090,"20141106T000000",338000,4,1.75,1530,8152,1,0,0,5,6,910,620,1948,0,98155,47.7557,-122.328,1310,8152
6769200040,"20141218T000000",520000,3,1.75,2080,6609,1,0,0,3,7,1280,800,1950,0,98115,47.6883,-122.3,1680,6270
3416601045,"20140623T000000",345000,3,1,1140,4200,2,0,0,4,7,1140,0,1904,0,98144,47.6012,-122.296,1510,4000
225039029,"20150317T000000",525000,3,1.5,1940,5625,1,0,0,4,7,1440,500,1941,0,98117,47.6818,-122.388,1460,5500
6003500749,"20140701T000000",640000,2,2.25,1540,965,3,0,0,3,9,1540,0,2007,0,98122,47.6181,-122.318,1410,964
2215900800,"20140731T000000",290000,3,2.5,2000,7414,2,0,0,4,7,2000,0,1993,0,98038,47.3508,-122.057,2000,7414
3574801110,"20141125T000000",405000,4,2.75,2360,7716,1,0,0,3,7,1390,970,1978,0,98034,47.7301,-122.223,2160,8794
1311600020,"20140821T000000",285000,4,2.5,2360,7350,1,0,0,4,7,1440,920,1965,0,98001,47.3417,-122.277,1450,7305
1552520010,"20140801T000000",405000,3,2.5,1500,9636,2,0,0,3,7,1500,0,1994,0,98011,47.75,-122.176,1700,9656
6840701225,"20141003T000000",592500,4,1.5,2080,4400,1.5,0,0,3,7,2080,0,1925,0,98122,47.606,-122.299,1680,4400
7885800160,"20140905T000000",299900,4,2.5,2200,5730,2,0,0,3,8,2200,0,2003,0,98042,47.3482,-122.153,2200,5772
9533100145,"20150205T000000",750000,3,1,1120,8549,1,0,0,3,7,1120,0,1952,0,98004,47.6294,-122.205,1440,8640
7212650510,"20150403T000000",325000,4,2.5,1830,7762,2,0,0,3,8,1830,0,1993,0,98003,47.267,-122.31,2109,8966
5071500140,"20140627T000000",221000,3,1,910,8789,1,0,0,3,7,910,0,1966,0,98148,47.4345,-122.326,1160,8789
7234601445,"20140623T000000",685000,2,1.5,1300,1676,1,0,2,3,7,1300,0,1943,0,98122,47.6133,-122.308,1260,1740
8562780290,"20141015T000000",329950,2,2.25,1260,1032,2,0,0,3,7,1170,90,2008,0,98027,47.5323,-122.072,1240,809
4223000140,"20140805T000000",260750,3,2,1560,9635,1,0,0,3,7,1260,300,1966,0,98003,47.341,-122.309,1570,8276
7454000295,"20150130T000000",245000,2,1,710,6322,1,0,0,3,6,710,0,1942,0,98126,47.5165,-122.376,740,6720
5700002460,"20140725T000000",675000,3,2.5,2550,4954,1.5,0,0,4,7,1850,700,1924,0,98144,47.5758,-122.287,1700,4954
3299610260,"20150421T000000",948000,3,2.5,3510,9824,2,0,0,3,9,3510,0,2002,0,98075,47.5635,-122.032,3510,10588
2301400640,"20140717T000000",891000,4,2,2330,5000,1.5,0,0,5,7,1720,610,1925,0,98117,47.6804,-122.358,2090,5000
8563010300,"20141126T000000",746000,4,2.75,2110,8190,1.5,0,0,5,8,2110,0,1966,0,98008,47.6269,-122.1,2420,8400
3158500250,"20140514T000000",317000,3,2.5,1840,5011,2,0,0,3,8,1840,0,2012,0,98038,47.3555,-122.054,2000,4793
3524039228,"20140723T000000",394000,3,2,1160,3441,1,0,0,4,6,580,580,1930,0,98136,47.5314,-122.392,1160,4000
2329700440,"20141027T000000",155000,3,1.5,970,8400,1,0,0,3,7,970,0,1966,0,98003,47.3284,-122.331,1230,8400
2923049421,"20140702T000000",250000,3,2.25,1920,7738,1,0,0,3,8,1520,400,1965,0,98148,47.4562,-122.33,2170,8452
1430800162,"20150114T000000",250000,3,1,1040,8000,1,0,0,4,7,1040,0,1956,0,98166,47.4711,-122.35,1170,9450
3352401981,"20140521T000000",199000,4,2,2030,8120,2,0,0,3,7,2030,0,1950,0,98178,47.4994,-122.261,1520,9440
4142450330,"20140707T000000",296475,3,2.5,1520,4170,2,0,0,3,7,1520,0,2004,0,98038,47.3842,-122.04,1560,4237
7211402305,"20150415T000000",240000,3,1.75,1780,5000,1.5,0,0,3,6,1080,700,1957,0,98146,47.5105,-122.36,1500,5000
321030010,"20141015T000000",310000,4,2.5,2310,7384,2,0,0,3,8,2310,0,2010,0,98042,47.3737,-122.165,2310,7800
8165501510,"20141125T000000",320000,2,2.25,1550,1827,2,0,0,3,8,1550,0,2008,0,98106,47.5394,-122.368,1420,1826
293000180,"20150507T000000",370000,2,1,910,5525,1,0,0,2,6,910,0,1910,0,98126,47.5322,-122.379,1620,5525
272000220,"20140923T000000",417000,4,2,2090,4000,1,0,0,3,6,1060,1030,1907,0,98144,47.5893,-122.299,1590,4000
7334600030,"20141014T000000",280000,3,2.25,1360,9600,2,0,0,3,7,1360,0,1992,0,98045,47.4687,-121.749,1200,10400
8146300180,"20150512T000000",860000,5,2.25,1960,8592,1,0,0,4,8,1290,670,1958,0,98004,47.6066,-122.192,1720,8592
6821600390,"20150108T000000",815000,3,2,2310,6000,2,0,1,4,9,1560,750,1926,0,98199,47.648,-122.395,2000,6000
8651441210,"20140801T000000",230000,3,2,1710,5200,1,0,0,5,7,1030,680,1977,0,98042,47.3651,-122.094,1390,5200
3293700496,"20140814T000000",270000,4,1.75,1850,7730,1,0,0,5,7,1100,750,1956,0,98133,47.7481,-122.355,2260,8581
1736800740,"20150303T000000",525000,4,1.75,2120,7725,1,0,0,3,8,1220,900,1965,0,98007,47.6003,-122.144,2160,7725
7137800085,"20141003T000000",185000,3,1.75,1170,9085,1,0,0,3,7,1170,0,1967,0,98023,47.2808,-122.354,1230,9085
4440900040,"20140505T000000",379950,4,1.75,1970,9389,1,0,0,5,7,1140,830,1960,0,98133,47.7771,-122.339,1820,8135
9222400935,"20140523T000000",478000,3,1,1280,2580,1.5,0,0,3,8,1280,0,1910,2014,98115,47.6727,-122.32,1410,3150
5104530430,"20150209T000000",366000,3,2.5,2370,4375,2,0,0,3,8,2370,0,2006,0,98038,47.354,-121.999,2380,4606
6840701095,"20150403T000000",548500,3,1,1740,4400,1.5,0,0,3,7,1740,0,1924,0,98122,47.6059,-122.3,1720,4400
1139000215,"20140718T000000",416000,2,1.75,1270,7560,1.5,0,0,4,7,1270,0,1932,0,98133,47.7083,-122.357,1480,7560
7732410420,"20140617T000000",809000,3,2.5,2590,7720,2,0,0,3,9,2590,0,1988,0,98007,47.659,-122.146,2600,9490
100600550,"20140804T000000",226500,3,1.5,1300,7370,1,0,0,4,7,900,400,1976,0,98023,47.3025,-122.37,1430,7500
4221250320,"20141017T000000",570000,4,2.5,2280,4534,2,0,0,3,8,2280,0,2003,0,98075,47.5902,-122.018,2246,4534
8864000970,"20141204T000000",273500,4,1,1360,6000,1,0,0,4,6,1020,340,1944,0,98168,47.4783,-122.285,1230,6000
34000005,"20140618T000000",343566,2,1,1100,4200,1,0,0,3,7,1100,0,1954,0,98136,47.5312,-122.392,1240,4000
6383000820,"20140807T000000",685900,3,2.5,2290,9142,1,0,0,3,8,2290,0,1972,0,98117,47.691,-122.387,1770,8035
9528104360,"20140912T000000",435000,2,1.5,901,1245,3,0,0,3,7,901,0,2001,0,98115,47.6774,-122.325,1138,1137
7986400180,"20140710T000000",675000,3,1.75,1920,4500,1,0,0,5,7,960,960,1924,0,98107,47.6645,-122.357,1190,4000
438000015,"20140916T000000",555000,4,1.75,2350,5946,1,0,2,3,8,1350,1000,1957,0,98115,47.6879,-122.298,2060,6000
2227900040,"20150114T000000",3e+05,4,1.75,1890,9205,1,0,0,3,8,1260,630,1964,0,98133,47.774,-122.348,1430,6775
8929000140,"20140623T000000",491234,4,2.5,1540,1860,2,0,0,3,8,1540,0,2014,0,98029,47.5521,-121.999,1210,1090
3574800010,"20150428T000000",485000,4,2.75,1830,8384,1,0,0,3,7,1320,510,1979,0,98034,47.733,-122.22,2190,7695
1150700130,"20150421T000000",275000,3,2.5,1710,7230,2,0,0,3,7,1710,0,1996,0,98003,47.2778,-122.298,1720,6537
662350050,"20140523T000000",950000,5,3.25,3400,7452,2,0,0,3,10,3400,0,1999,0,98007,47.6141,-122.136,2650,8749
254000735,"20140806T000000",329000,3,1,1140,5258,1.5,0,0,3,6,1140,0,1911,0,98146,47.5122,-122.383,1140,5280
2570500090,"20141007T000000",385000,5,1.5,1750,9780,1.5,0,0,4,7,1750,0,1961,0,98028,47.7755,-122.235,1750,10295
2902200076,"20150128T000000",8e+05,3,3,2060,3200,2,0,0,3,8,2060,0,1907,1984,98102,47.637,-122.324,1760,2669
5269200050,"20150305T000000",175000,2,1,700,8174,1,0,0,3,5,700,0,1941,0,98146,47.5136,-122.349,1250,8046
8562790150,"20140626T000000",782900,4,3.25,3060,3898,2,0,0,3,10,2300,760,2014,0,98027,47.5311,-122.073,2920,3448
3034200885,"20141208T000000",290000,2,1,1340,9840,1,0,0,3,7,1340,0,1949,0,98133,47.7202,-122.339,1610,8949
9264921020,"20140908T000000",260000,3,1.5,1750,7000,2,0,0,3,8,1750,0,1983,0,98023,47.3108,-122.346,1840,9305
3558910570,"20150116T000000",450000,5,2.5,1900,9460,1,0,0,3,7,1190,710,1969,0,98034,47.7096,-122.202,1940,8360
4019500160,"20150413T000000",493000,4,2.5,2070,4270,2,0,0,3,8,2070,0,2010,0,98028,47.773,-122.265,2070,4610
808300270,"20140527T000000",450000,4,2.5,2520,8515,2,0,0,3,7,2520,0,1999,0,98019,47.7233,-121.959,2130,6930
2599001240,"20140527T000000",2e+05,4,2.5,1720,9600,1,0,0,3,7,1120,600,1961,0,98092,47.2917,-122.188,1520,9400
2311400195,"20150303T000000",1563100,5,3.5,3630,8100,2,0,0,3,10,3630,0,2008,0,98004,47.5951,-122.2,1730,8246
1238501098,"20150313T000000",580000,3,2.25,1580,8506,2,0,0,3,7,1580,0,1987,0,98033,47.686,-122.185,2253,8515
7853300070,"20140818T000000",539950,5,3,3100,5250,2,0,0,3,7,3100,0,2006,0,98065,47.5369,-121.888,2460,5250
2356800020,"20140929T000000",416000,2,1,880,6650,1,0,0,5,6,880,0,1918,0,98117,47.6914,-122.372,1250,6650
1982200245,"20150127T000000",726000,3,2.5,1890,3880,1.5,0,0,4,8,1460,430,1915,0,98107,47.6642,-122.362,1010,3880
6806100420,"20141119T000000",299000,3,2.5,1850,4600,2,0,0,3,7,1850,0,2005,0,98058,47.4661,-122.145,2160,4751
7852190320,"20150313T000000",555000,4,2.5,2870,6776,2,0,0,3,8,2870,0,2004,0,98065,47.539,-121.878,2770,6658
7524950900,"20150210T000000",620000,3,2.25,2010,7495,1,0,0,4,8,1570,440,1979,0,98027,47.5613,-122.083,2050,8402
1337800284,"20140827T000000",950000,3,2,2250,2975,2,0,0,4,9,1880,370,1905,0,98112,47.6289,-122.309,2690,4800
8151600470,"20140804T000000",121800,2,1,940,8384,1,0,0,3,5,940,0,1947,0,98146,47.5065,-122.364,1290,8384
2768100180,"20140606T000000",595000,4,2.5,1990,2175,2,0,0,3,8,1680,310,2005,0,98107,47.6696,-122.371,1560,2087
8718500610,"20140526T000000",379950,3,1.5,1690,9144,1,0,0,4,7,1140,550,1956,0,98028,47.739,-122.253,1840,10600
1795900210,"20140518T000000",575550,4,2.5,2060,7475,1,0,0,3,8,1440,620,1985,0,98052,47.7272,-122.105,2280,8396
1282300105,"20140604T000000",317000,3,1,1010,5400,1,0,0,3,6,1010,0,1959,0,98144,47.5746,-122.293,960,5400
5437810360,"20141107T000000",224500,3,1.75,1300,7735,1,0,0,4,7,1300,0,1980,0,98022,47.1983,-122,1300,8941
223039229,"20140902T000000",787500,2,2.5,2390,6928,2,0,3,4,8,1810,580,1949,1982,98146,47.5101,-122.391,2390,12852
642150080,"20140908T000000",675900,3,2.5,2920,9096,2,0,0,3,9,2920,0,2013,0,98059,47.4855,-122.149,2930,7995
1862700290,"20140711T000000",339900,4,2.5,2340,9748,1,0,1,3,8,1610,730,1981,0,98003,47.3363,-122.331,2070,8241
3361401210,"20141231T000000",209000,2,1,1070,6120,1,0,0,3,6,1070,0,1962,0,98168,47.4989,-122.317,1130,6120
507100005,"20150310T000000",285000,4,2,2120,6865,1,0,0,3,7,1060,1060,1954,0,98133,47.7775,-122.337,1460,7780
1454100127,"20140811T000000",689950,4,2.75,2520,8433,2,0,0,3,8,2520,0,2014,0,98125,47.7214,-122.289,1890,7772
1732800780,"20150212T000000",3065000,5,3,4150,7500,2.5,0,4,5,11,3510,640,1909,0,98119,47.6303,-122.362,2250,4050
6071900070,"20140622T000000",5e+05,4,2.5,2040,8400,1,0,0,3,8,1420,620,1963,0,98006,47.5512,-122.17,2540,8925
2922703260,"20140716T000000",469000,3,1.75,1680,2400,1.5,0,0,3,7,1170,510,1929,0,98117,47.6849,-122.367,1080,4560
2325300093,"20140707T000000",378000,3,2.5,1601,2491,3,0,0,3,7,1536,65,2007,0,98125,47.719,-122.317,1420,1156
3580900260,"20140505T000000",340000,5,1,1120,9022,1.5,0,0,4,7,1120,0,1962,0,98034,47.7296,-122.24,1310,7500
7855800910,"20150321T000000",871000,4,2.5,2150,8536,1,0,3,4,8,1400,750,1967,0,98006,47.5663,-122.163,2800,9500
1558500100,"20140916T000000",360000,4,2.25,1930,6508,2,0,0,3,8,1930,0,1996,0,98019,47.7458,-121.977,2170,6548
7936000403,"20140609T000000",568000,3,1.75,2050,3520,1,0,0,4,7,1070,980,1977,0,98136,47.5536,-122.399,2050,16083
3448900420,"20140922T000000",620000,4,2.5,2500,8282,2,0,0,3,9,2500,0,2013,0,98056,47.5127,-122.169,2500,8046
3298700840,"20140821T000000",263500,2,1,750,4515,1,0,0,3,6,750,0,1942,0,98106,47.5198,-122.351,1020,5000
7997200130,"20150128T000000",649950,3,2.5,2420,7500,1,0,2,4,8,1210,1210,1944,0,98117,47.6949,-122.389,2340,7500
2624049050,"20150213T000000",338000,2,1,1470,5566,1,0,0,4,7,770,700,1919,0,98118,47.5348,-122.269,1410,5808
290000075,"20150225T000000",550000,3,1,1260,6000,1,0,3,3,7,1260,0,1951,0,98146,47.5058,-122.384,2020,6600
1644500450,"20140507T000000",640000,3,3,2270,5175,2,0,0,3,9,2130,140,2002,0,98056,47.516,-122.203,2850,5661
2085700050,"20140826T000000",420000,4,2.5,2480,8626,2,0,0,3,10,2480,0,2001,0,98001,47.3185,-122.262,2990,9033
9268851680,"20140516T000000",611000,3,2.5,2134,1984,2.5,0,0,3,8,2134,0,2008,0,98027,47.5402,-122.027,2170,1984
8658300315,"20150312T000000",425000,5,1.75,1400,5071,1,0,0,3,5,1400,0,1916,0,98014,47.6499,-121.908,1200,7500
1005000220,"20150310T000000",410000,2,1,2020,7540,1,0,0,3,7,1010,1010,1921,0,98118,47.5359,-122.28,1270,4652
8001210170,"20140822T000000",275000,4,2.75,2060,7350,1,0,0,3,7,1210,850,1978,0,98001,47.3424,-122.275,1940,7420
1498301672,"20150330T000000",467000,5,2,2080,4000,1,0,0,4,6,1040,1040,1909,0,98144,47.5858,-122.308,1940,6000
7214810050,"20150416T000000",537000,4,2.25,2640,8800,1,0,0,3,8,1620,1020,1980,0,98072,47.7552,-122.148,2500,11700
8564860110,"20150113T000000",594491,4,2.5,2990,6037,2,0,0,3,9,2990,0,2013,0,98045,47.4766,-121.735,2990,5992
2202500150,"20140819T000000",375000,3,1,1230,9877,1,0,0,3,7,1230,0,1954,0,98006,47.5745,-122.136,1240,9965
3500100209,"20140804T000000",285650,3,1,1040,8199,1,0,0,3,7,1040,0,1953,0,98155,47.7348,-122.302,1420,8200
1453602310,"20141216T000000",303000,2,1.5,1400,1650,3,0,0,3,7,1400,0,1999,0,98125,47.7222,-122.29,1430,1650
7430500301,"20141016T000000",7e+05,3,1.5,2240,7227,2,0,1,3,9,1440,800,1977,0,98008,47.6208,-122.093,3150,16150
7922720250,"20150506T000000",601002,4,2.5,2050,8094,1,0,0,3,8,1050,1000,1976,0,98052,47.6614,-122.138,1990,9020
4215270070,"20140606T000000",969990,4,2.5,4150,8436,2,0,0,3,10,4150,0,2014,0,98075,47.5802,-122.039,4070,8438
2592400470,"20141205T000000",438000,5,2.5,1990,6840,2,0,0,4,7,1990,0,1974,0,98034,47.7162,-122.166,1990,7150
8946700100,"20141208T000000",408500,4,2.5,2720,7043,2,0,0,3,9,2720,0,2003,0,98092,47.3315,-122.169,2640,6958
6150200005,"20141023T000000",410500,3,1,1150,6800,1,0,0,3,7,1150,0,1954,0,98133,47.727,-122.339,1210,6800
2207100650,"20150410T000000",499990,3,1.75,1630,8400,1,0,0,4,7,1060,570,1955,0,98007,47.5983,-122.149,1630,7245
2976800796,"20140925T000000",236000,3,1,1300,5898,1,0,0,3,7,1300,0,1961,0,98178,47.5053,-122.255,1320,7619
1402950100,"20141121T000000",305000,4,2.5,2430,5959,2,0,0,3,8,2430,0,2002,0,98092,47.3348,-122.19,2100,5414
52000067,"20141103T000000",495000,3,3.5,1650,1577,2,0,0,3,7,1100,550,2012,0,98109,47.6302,-122.344,1580,1280
9358000780,"20150512T000000",275000,2,1,830,5610,1,0,0,3,6,830,0,1922,0,98126,47.5674,-122.367,1310,2793
7202330030,"20140822T000000",5e+05,3,2.5,1650,5683,2,0,0,3,7,1650,0,2003,0,98053,47.683,-122.035,1650,4193
8910500150,"20150120T000000",539000,3,1.5,1460,5040,1,0,0,3,7,1100,360,1971,0,98133,47.7112,-122.357,2330,7560
3395380200,"20141017T000000",190000,2,2.5,1370,3438,2,0,0,3,7,1370,0,1987,0,98188,47.4606,-122.283,1370,2308
1175001135,"20140929T000000",424000,3,1.75,1140,3395,1,0,0,5,7,620,520,1925,0,98107,47.6712,-122.393,1480,3500
7852110690,"20140522T000000",622500,4,2.5,2980,8107,2,0,0,3,9,2980,0,2000,0,98065,47.5389,-121.876,2750,7760
923000280,"20140722T000000",699000,3,2.5,2580,8154,1,0,0,3,10,2090,490,1956,1997,98177,47.7259,-122.361,1660,8155
2770601530,"20140826T000000",5e+05,2,2.25,1570,1269,2,0,0,3,9,1280,290,2015,0,98199,47.6514,-122.385,1570,6000
259600260,"20150122T000000",345000,3,1,1250,7210,1,0,0,4,7,1250,0,1964,0,98008,47.6329,-122.121,1530,8800
8682281080,"20140617T000000",738500,3,2.5,2300,6009,1,0,0,3,8,2300,0,2005,0,98053,47.7067,-122.013,1640,5931
3845100550,"20141120T000000",418395,4,2.5,2906,5893,2,0,0,3,9,2906,0,2014,0,98092,47.2599,-122.192,2680,4950
7889601300,"20150421T000000",268000,3,1,1420,6000,1,0,0,3,6,1420,0,1941,0,98146,47.4913,-122.336,1480,6000
3622069050,"20141121T000000",212644,3,1,1570,9650,1.5,0,0,5,5,1570,0,1922,0,98010,47.3531,-121.982,1330,9650
2025700080,"20140710T000000",265000,3,2.5,1530,6000,2,0,0,4,7,1530,0,1991,0,98038,47.3487,-122.036,1360,6000
3693901105,"20141020T000000",630000,4,2,1610,5000,2,0,0,5,7,1610,0,1946,0,98117,47.6775,-122.398,1300,4950
2768100545,"20140908T000000",499000,3,1.5,1260,3135,1,0,0,4,7,780,480,1944,0,98107,47.6693,-122.371,1540,3025
4037200295,"20140819T000000",525000,3,1.75,1520,8835,1,0,0,4,7,1520,0,1957,0,98008,47.6054,-122.118,1760,8580
886000015,"20141210T000000",275000,2,2,1290,9041,1,0,0,3,7,950,340,1956,0,98108,47.5346,-122.291,1290,5000
7972604345,"20140519T000000",137000,3,1,950,7620,1,0,0,3,6,950,0,1954,0,98106,47.5178,-122.346,1260,7620
4178500100,"20140723T000000",282500,3,2.25,1670,7150,2,0,0,4,7,1670,0,1990,0,98042,47.3603,-122.088,1570,7040
1773100755,"20140821T000000",520000,11,3,3000,4960,2,0,0,3,7,2400,600,1918,1999,98106,47.556,-122.363,1420,4960
3073500111,"20150318T000000",415250,3,1.5,1400,7550,1,0,0,4,7,1400,0,1953,0,98133,47.7566,-122.337,1730,7562
3039000010,"20140909T000000",420000,3,1.75,1140,8558,1,0,0,4,7,1140,0,1982,0,98033,47.7027,-122.198,1490,10530
1545801500,"20140625T000000",246500,3,2.5,1620,7686,2,0,0,3,7,1620,0,1989,0,98038,47.3613,-122.053,1370,7686
2817100900,"20140519T000000",256500,2,1,1120,9912,1,0,0,4,6,1120,0,1980,0,98070,47.3735,-122.43,1540,9750
8113101670,"20141203T000000",378000,4,1.5,2140,7920,1,0,0,3,7,1190,950,1959,0,98118,47.5491,-122.272,2140,7238
9268200585,"20140903T000000",555950,2,1,1220,5040,1,0,0,3,7,1220,0,1961,0,98117,47.6957,-122.364,1420,5040
9477100490,"20150424T000000",441500,3,1.75,1510,7700,1,0,0,3,7,1510,0,1968,0,98034,47.7283,-122.194,1440,7416
8691390460,"20140616T000000",699850,4,3.5,2690,6164,2,0,0,3,9,2690,0,2002,0,98075,47.599,-121.973,2910,5000
9829200250,"20150105T000000",1697000,3,2,2600,6600,2,0,4,3,10,1930,670,1970,2014,98122,47.6055,-122.285,2670,6270
3390600025,"20140529T000000",450000,4,2,2240,7725,1,0,0,5,7,1120,1120,1956,0,98106,47.5331,-122.365,1340,6300
2193320450,"20150213T000000",655000,4,3,2570,8022,1,0,0,4,8,1370,1200,1984,0,98052,47.6956,-122.099,2090,8022
5408100035,"20150420T000000",568000,3,1,1340,7260,1.5,0,0,3,7,1340,0,1953,0,98125,47.7016,-122.295,1830,6822
3876313170,"20141209T000000",436000,3,2.25,1770,8000,1,0,0,4,7,1350,420,1976,0,98072,47.7358,-122.17,1850,7875
5560001130,"20150225T000000",2e+05,3,1,1040,8925,1,0,0,4,6,1040,0,1961,0,98023,47.3265,-122.335,1040,8925
7893800250,"20150430T000000",348000,3,2.5,2370,7500,1,0,3,3,8,1620,750,1979,0,98198,47.4091,-122.331,1960,8062
4307301160,"20140722T000000",349000,4,2.5,2280,4096,2,0,0,3,7,2280,0,2003,0,98056,47.4834,-122.182,2280,3600
2423020260,"20140814T000000",461000,3,2.25,1850,7923,1,0,0,4,7,1150,700,1977,0,98033,47.7011,-122.171,1780,7420
2473251090,"20140619T000000",269900,4,1.75,1530,8750,1.5,0,0,4,7,1530,0,1968,0,98058,47.4556,-122.157,1390,8750
255450040,"20140918T000000",389517,4,2.5,2640,4725,2,0,0,3,8,2640,0,2014,0,98038,47.371,-122.017,2370,4725
2011400710,"20140521T000000",405000,3,1.75,2470,9620,1,0,1,4,7,1570,900,1962,0,98198,47.3996,-122.32,2600,9620
1321400650,"20140603T000000",250000,3,2.25,1765,7652,2,0,0,3,7,1765,0,1996,0,98003,47.3072,-122.328,1765,7719
1687000240,"20141210T000000",276000,3,2.5,2495,4400,2,0,0,3,8,2495,0,2007,0,98001,47.2877,-122.283,2434,4400
2212210660,"20150227T000000",204000,3,1.5,1460,7140,1,0,0,4,7,980,480,1980,0,98031,47.3954,-122.191,1400,8572
9822700190,"20140808T000000",1280000,9,4.5,3650,5000,2,0,0,3,8,2530,1120,1915,2010,98105,47.6604,-122.289,2510,5000
5556300109,"20141121T000000",1075000,5,3.5,3230,7560,2,0,0,3,10,3230,0,2007,0,98052,47.6467,-122.118,3230,8580
9320350020,"20140630T000000",490000,4,3,2330,3497,2,0,0,3,9,1920,410,2003,0,98108,47.554,-122.308,2330,5242
1422700080,"20140610T000000",253000,3,1.75,2040,7281,1,0,0,3,7,1020,1020,1962,0,98188,47.4681,-122.282,1740,7527
3131201310,"20140930T000000",525000,5,1,1280,3876,1.5,0,0,3,7,1280,0,1923,0,98105,47.6605,-122.324,1420,3825
6404600006,"20140820T000000",173250,3,2,1210,9097,1,0,0,4,7,1210,0,1954,0,98168,47.4849,-122.303,1360,10125
1568100300,"20140917T000000",350000,6,4.5,3500,8504,2,0,0,3,7,3500,0,1980,0,98155,47.7351,-122.295,1550,8460
9510900610,"20141030T000000",294000,5,2.75,2300,7600,1,0,0,4,7,1400,900,1969,0,98023,47.3084,-122.372,1750,8500
5456000025,"20141201T000000",1438890,5,3.5,3420,8000,2,0,0,3,10,3420,0,2006,0,98040,47.5736,-122.212,1900,8000
7708200600,"20140718T000000",498000,3,2.5,2480,4136,2,0,0,3,8,2480,0,2009,0,98059,47.493,-122.147,2510,4314
2979800409,"20140505T000000",416286,3,2.5,1408,989,3,0,0,3,8,1408,0,2005,0,98115,47.6856,-122.315,1408,1342
6891100590,"20150302T000000",750000,4,2.75,2810,5497,2,0,0,3,9,2810,0,2011,0,98052,47.7081,-122.116,2990,5842
5036300431,"20150311T000000",1099880,5,2.75,3520,6353,2,0,0,4,10,3520,0,2001,0,98199,47.6506,-122.391,2520,6250
1102000270,"20140701T000000",1080000,3,2.75,3890,7216,2,0,1,3,8,3260,630,1967,2010,98118,47.5445,-122.266,2490,9920
114100314,"20150318T000000",285000,3,1.5,1480,7117,1,0,0,3,7,1170,310,1960,0,98028,47.7766,-122.248,2230,14775
3888100117,"20141110T000000",510000,5,1.5,1550,9750,1,0,0,4,7,1550,0,1966,0,98033,47.6811,-122.169,1970,9750
